-- MySQL dump 10.13  Distrib 8.0.30, for Win64 (x86_64)
--
-- Host: j7b204.p.ssafy.io    Database: Hugging
-- ------------------------------------------------------
-- Server version	8.0.30-0ubuntu0.20.04.2

/*!40101 SET @OLD_CHARACTER_SET_CLIENT=@@CHARACTER_SET_CLIENT */;
/*!40101 SET @OLD_CHARACTER_SET_RESULTS=@@CHARACTER_SET_RESULTS */;
/*!40101 SET @OLD_COLLATION_CONNECTION=@@COLLATION_CONNECTION */;
/*!50503 SET NAMES utf8 */;
/*!40103 SET @OLD_TIME_ZONE=@@TIME_ZONE */;
/*!40103 SET TIME_ZONE='+00:00' */;
/*!40014 SET @OLD_UNIQUE_CHECKS=@@UNIQUE_CHECKS, UNIQUE_CHECKS=0 */;
/*!40014 SET @OLD_FOREIGN_KEY_CHECKS=@@FOREIGN_KEY_CHECKS, FOREIGN_KEY_CHECKS=0 */;
/*!40101 SET @OLD_SQL_MODE=@@SQL_MODE, SQL_MODE='NO_AUTO_VALUE_ON_ZERO' */;
/*!40111 SET @OLD_SQL_NOTES=@@SQL_NOTES, SQL_NOTES=0 */;

--
-- Table structure for table `auth_group`
--

DROP TABLE IF EXISTS `auth_group`;
/*!40101 SET @saved_cs_client     = @@character_set_client */;
/*!50503 SET character_set_client = utf8mb4 */;
CREATE TABLE `auth_group` (
  `id` int NOT NULL AUTO_INCREMENT,
  `name` varchar(150) COLLATE utf8mb4_0900_as_cs NOT NULL,
  PRIMARY KEY (`id`),
  UNIQUE KEY `name` (`name`)
) ENGINE=InnoDB DEFAULT CHARSET=utf8mb4 COLLATE=utf8mb4_0900_as_cs;
/*!40101 SET character_set_client = @saved_cs_client */;

--
-- Dumping data for table `auth_group`
--

LOCK TABLES `auth_group` WRITE;
/*!40000 ALTER TABLE `auth_group` DISABLE KEYS */;
/*!40000 ALTER TABLE `auth_group` ENABLE KEYS */;
UNLOCK TABLES;

--
-- Table structure for table `auth_group_permissions`
--

DROP TABLE IF EXISTS `auth_group_permissions`;
/*!40101 SET @saved_cs_client     = @@character_set_client */;
/*!50503 SET character_set_client = utf8mb4 */;
CREATE TABLE `auth_group_permissions` (
  `id` bigint NOT NULL AUTO_INCREMENT,
  `group_id` int NOT NULL,
  `permission_id` int NOT NULL,
  PRIMARY KEY (`id`),
  UNIQUE KEY `auth_group_permissions_group_id_permission_id_0cd325b0_uniq` (`group_id`,`permission_id`),
  KEY `auth_group_permissio_permission_id_84c5c92e_fk_auth_perm` (`permission_id`),
  CONSTRAINT `auth_group_permissio_permission_id_84c5c92e_fk_auth_perm` FOREIGN KEY (`permission_id`) REFERENCES `auth_permission` (`id`),
  CONSTRAINT `auth_group_permissions_group_id_b120cbf9_fk_auth_group_id` FOREIGN KEY (`group_id`) REFERENCES `auth_group` (`id`)
) ENGINE=InnoDB DEFAULT CHARSET=utf8mb4 COLLATE=utf8mb4_0900_as_cs;
/*!40101 SET character_set_client = @saved_cs_client */;

--
-- Dumping data for table `auth_group_permissions`
--

LOCK TABLES `auth_group_permissions` WRITE;
/*!40000 ALTER TABLE `auth_group_permissions` DISABLE KEYS */;
/*!40000 ALTER TABLE `auth_group_permissions` ENABLE KEYS */;
UNLOCK TABLES;

--
-- Table structure for table `auth_permission`
--

DROP TABLE IF EXISTS `auth_permission`;
/*!40101 SET @saved_cs_client     = @@character_set_client */;
/*!50503 SET character_set_client = utf8mb4 */;
CREATE TABLE `auth_permission` (
  `id` int NOT NULL AUTO_INCREMENT,
  `name` varchar(255) COLLATE utf8mb4_0900_as_cs NOT NULL,
  `content_type_id` int NOT NULL,
  `codename` varchar(100) COLLATE utf8mb4_0900_as_cs NOT NULL,
  PRIMARY KEY (`id`),
  UNIQUE KEY `auth_permission_content_type_id_codename_01ab375a_uniq` (`content_type_id`,`codename`),
  CONSTRAINT `auth_permission_content_type_id_2f476e4b_fk_django_co` FOREIGN KEY (`content_type_id`) REFERENCES `django_content_type` (`id`)
) ENGINE=InnoDB AUTO_INCREMENT=85 DEFAULT CHARSET=utf8mb4 COLLATE=utf8mb4_0900_as_cs;
/*!40101 SET character_set_client = @saved_cs_client */;

--
-- Dumping data for table `auth_permission`
--

LOCK TABLES `auth_permission` WRITE;
/*!40000 ALTER TABLE `auth_permission` DISABLE KEYS */;
INSERT INTO `auth_permission` VALUES (1,'Can add log entry',1,'add_logentry'),(2,'Can change log entry',1,'change_logentry'),(3,'Can delete log entry',1,'delete_logentry'),(4,'Can view log entry',1,'view_logentry'),(5,'Can add permission',2,'add_permission'),(6,'Can change permission',2,'change_permission'),(7,'Can delete permission',2,'delete_permission'),(8,'Can view permission',2,'view_permission'),(9,'Can add group',3,'add_group'),(10,'Can change group',3,'change_group'),(11,'Can delete group',3,'delete_group'),(12,'Can view group',3,'view_group'),(13,'Can add user',4,'add_user'),(14,'Can change user',4,'change_user'),(15,'Can delete user',4,'delete_user'),(16,'Can view user',4,'view_user'),(17,'Can add content type',5,'add_contenttype'),(18,'Can change content type',5,'change_contenttype'),(19,'Can delete content type',5,'delete_contenttype'),(20,'Can view content type',5,'view_contenttype'),(21,'Can add session',6,'add_session'),(22,'Can change session',6,'change_session'),(23,'Can delete session',6,'delete_session'),(24,'Can view session',6,'view_session'),(25,'Can add counsel',7,'add_counsel'),(26,'Can change counsel',7,'change_counsel'),(27,'Can delete counsel',7,'delete_counsel'),(28,'Can view counsel',7,'view_counsel'),(29,'Can add counselor',8,'add_counselor'),(30,'Can change counselor',8,'change_counselor'),(31,'Can delete counselor',8,'delete_counselor'),(32,'Can view counselor',8,'view_counselor'),(33,'Can add counselor review',9,'add_counselorreview'),(34,'Can change counselor review',9,'change_counselorreview'),(35,'Can delete counselor review',9,'delete_counselorreview'),(36,'Can view counselor review',9,'view_counselorreview'),(37,'Can add favorite counselor',10,'add_favoritecounselor'),(38,'Can change favorite counselor',10,'change_favoritecounselor'),(39,'Can delete favorite counselor',10,'delete_favoritecounselor'),(40,'Can view favorite counselor',10,'view_favoritecounselor'),(41,'Can add favorite music',11,'add_favoritemusic'),(42,'Can change favorite music',11,'change_favoritemusic'),(43,'Can delete favorite music',11,'delete_favoritemusic'),(44,'Can view favorite music',11,'view_favoritemusic'),(45,'Can add member',12,'add_member'),(46,'Can change member',12,'change_member'),(47,'Can delete member',12,'delete_member'),(48,'Can view member',12,'view_member'),(49,'Can add member mental category',13,'add_membermentalcategory'),(50,'Can change member mental category',13,'change_membermentalcategory'),(51,'Can delete member mental category',13,'delete_membermentalcategory'),(52,'Can view member mental category',13,'view_membermentalcategory'),(53,'Can add mission',14,'add_mission'),(54,'Can change mission',14,'change_mission'),(55,'Can delete mission',14,'delete_mission'),(56,'Can view mission',14,'view_mission'),(57,'Can add music',15,'add_music'),(58,'Can change music',15,'change_music'),(59,'Can delete music',15,'delete_music'),(60,'Can view music',15,'view_music'),(61,'Can add music category',16,'add_musiccategory'),(62,'Can change music category',16,'change_musiccategory'),(63,'Can delete music category',16,'delete_musiccategory'),(64,'Can view music category',16,'view_musiccategory'),(65,'Can add music review',17,'add_musicreview'),(66,'Can change music review',17,'change_musicreview'),(67,'Can delete music review',17,'delete_musicreview'),(68,'Can view music review',17,'view_musicreview'),(69,'Can add proceeding mission',18,'add_proceedingmission'),(70,'Can change proceeding mission',18,'change_proceedingmission'),(71,'Can delete proceeding mission',18,'delete_proceedingmission'),(72,'Can view proceeding mission',18,'view_proceedingmission'),(73,'Can add psychological test category',19,'add_psychologicaltestcategory'),(74,'Can change psychological test category',19,'change_psychologicaltestcategory'),(75,'Can delete psychological test category',19,'delete_psychologicaltestcategory'),(76,'Can view psychological test category',19,'view_psychologicaltestcategory'),(77,'Can add psychological test question',20,'add_psychologicaltestquestion'),(78,'Can change psychological test question',20,'change_psychologicaltestquestion'),(79,'Can delete psychological test question',20,'delete_psychologicaltestquestion'),(80,'Can view psychological test question',20,'view_psychologicaltestquestion'),(81,'Can add psychological test result',21,'add_psychologicaltestresult'),(82,'Can change psychological test result',21,'change_psychologicaltestresult'),(83,'Can delete psychological test result',21,'delete_psychologicaltestresult'),(84,'Can view psychological test result',21,'view_psychologicaltestresult');
/*!40000 ALTER TABLE `auth_permission` ENABLE KEYS */;
UNLOCK TABLES;

--
-- Table structure for table `auth_user`
--

DROP TABLE IF EXISTS `auth_user`;
/*!40101 SET @saved_cs_client     = @@character_set_client */;
/*!50503 SET character_set_client = utf8mb4 */;
CREATE TABLE `auth_user` (
  `id` int NOT NULL AUTO_INCREMENT,
  `password` varchar(128) COLLATE utf8mb4_0900_as_cs NOT NULL,
  `last_login` datetime(6) DEFAULT NULL,
  `is_superuser` tinyint(1) NOT NULL,
  `username` varchar(150) COLLATE utf8mb4_0900_as_cs NOT NULL,
  `first_name` varchar(150) COLLATE utf8mb4_0900_as_cs NOT NULL,
  `last_name` varchar(150) COLLATE utf8mb4_0900_as_cs NOT NULL,
  `email` varchar(254) COLLATE utf8mb4_0900_as_cs NOT NULL,
  `is_staff` tinyint(1) NOT NULL,
  `is_active` tinyint(1) NOT NULL,
  `date_joined` datetime(6) NOT NULL,
  PRIMARY KEY (`id`),
  UNIQUE KEY `username` (`username`)
) ENGINE=InnoDB DEFAULT CHARSET=utf8mb4 COLLATE=utf8mb4_0900_as_cs;
/*!40101 SET character_set_client = @saved_cs_client */;

--
-- Dumping data for table `auth_user`
--

LOCK TABLES `auth_user` WRITE;
/*!40000 ALTER TABLE `auth_user` DISABLE KEYS */;
/*!40000 ALTER TABLE `auth_user` ENABLE KEYS */;
UNLOCK TABLES;

--
-- Table structure for table `auth_user_groups`
--

DROP TABLE IF EXISTS `auth_user_groups`;
/*!40101 SET @saved_cs_client     = @@character_set_client */;
/*!50503 SET character_set_client = utf8mb4 */;
CREATE TABLE `auth_user_groups` (
  `id` bigint NOT NULL AUTO_INCREMENT,
  `user_id` int NOT NULL,
  `group_id` int NOT NULL,
  PRIMARY KEY (`id`),
  UNIQUE KEY `auth_user_groups_user_id_group_id_94350c0c_uniq` (`user_id`,`group_id`),
  KEY `auth_user_groups_group_id_97559544_fk_auth_group_id` (`group_id`),
  CONSTRAINT `auth_user_groups_group_id_97559544_fk_auth_group_id` FOREIGN KEY (`group_id`) REFERENCES `auth_group` (`id`),
  CONSTRAINT `auth_user_groups_user_id_6a12ed8b_fk_auth_user_id` FOREIGN KEY (`user_id`) REFERENCES `auth_user` (`id`)
) ENGINE=InnoDB DEFAULT CHARSET=utf8mb4 COLLATE=utf8mb4_0900_as_cs;
/*!40101 SET character_set_client = @saved_cs_client */;

--
-- Dumping data for table `auth_user_groups`
--

LOCK TABLES `auth_user_groups` WRITE;
/*!40000 ALTER TABLE `auth_user_groups` DISABLE KEYS */;
/*!40000 ALTER TABLE `auth_user_groups` ENABLE KEYS */;
UNLOCK TABLES;

--
-- Table structure for table `auth_user_user_permissions`
--

DROP TABLE IF EXISTS `auth_user_user_permissions`;
/*!40101 SET @saved_cs_client     = @@character_set_client */;
/*!50503 SET character_set_client = utf8mb4 */;
CREATE TABLE `auth_user_user_permissions` (
  `id` bigint NOT NULL AUTO_INCREMENT,
  `user_id` int NOT NULL,
  `permission_id` int NOT NULL,
  PRIMARY KEY (`id`),
  UNIQUE KEY `auth_user_user_permissions_user_id_permission_id_14a6b632_uniq` (`user_id`,`permission_id`),
  KEY `auth_user_user_permi_permission_id_1fbb5f2c_fk_auth_perm` (`permission_id`),
  CONSTRAINT `auth_user_user_permi_permission_id_1fbb5f2c_fk_auth_perm` FOREIGN KEY (`permission_id`) REFERENCES `auth_permission` (`id`),
  CONSTRAINT `auth_user_user_permissions_user_id_a95ead1b_fk_auth_user_id` FOREIGN KEY (`user_id`) REFERENCES `auth_user` (`id`)
) ENGINE=InnoDB DEFAULT CHARSET=utf8mb4 COLLATE=utf8mb4_0900_as_cs;
/*!40101 SET character_set_client = @saved_cs_client */;

--
-- Dumping data for table `auth_user_user_permissions`
--

LOCK TABLES `auth_user_user_permissions` WRITE;
/*!40000 ALTER TABLE `auth_user_user_permissions` DISABLE KEYS */;
/*!40000 ALTER TABLE `auth_user_user_permissions` ENABLE KEYS */;
UNLOCK TABLES;

--
-- Table structure for table `counsel`
--

DROP TABLE IF EXISTS `counsel`;
/*!40101 SET @saved_cs_client     = @@character_set_client */;
/*!50503 SET character_set_client = utf8mb4 */;
CREATE TABLE `counsel` (
  `id` int NOT NULL AUTO_INCREMENT,
  `reservation_date` datetime(6) DEFAULT NULL,
  `status` varchar(255) COLLATE utf8mb4_0900_as_cs DEFAULT NULL,
  `subject` varchar(255) COLLATE utf8mb4_0900_as_cs DEFAULT NULL,
  `counselor_id` int DEFAULT NULL,
  `member_id` int DEFAULT NULL,
  PRIMARY KEY (`id`),
  KEY `FK3fbcqby6bs9w8pj5106g23ap7` (`counselor_id`),
  KEY `FKr0i9ne0tf0uoncjosj0nvvtf3` (`member_id`),
  CONSTRAINT `FK3fbcqby6bs9w8pj5106g23ap7` FOREIGN KEY (`counselor_id`) REFERENCES `counselor` (`id`),
  CONSTRAINT `FKr0i9ne0tf0uoncjosj0nvvtf3` FOREIGN KEY (`member_id`) REFERENCES `member` (`id`)
) ENGINE=InnoDB AUTO_INCREMENT=44 DEFAULT CHARSET=utf8mb4 COLLATE=utf8mb4_0900_as_cs;
/*!40101 SET character_set_client = @saved_cs_client */;

--
-- Dumping data for table `counsel`
--

LOCK TABLES `counsel` WRITE;
/*!40000 ALTER TABLE `counsel` DISABLE KEYS */;
INSERT INTO `counsel` VALUES (24,'2022-09-05 10:00:00.000000','INCOMPLETE','Family',2,10),(27,'2022-09-06 15:00:00.000000','INCOMPLETE','Depressed',1,10),(28,'2022-09-06 14:00:00.000000','INCOMPLETE','Depressed',1,10),(29,'2022-09-05 13:00:00.000000','INCOMPLETE','Depressed',1,10),(31,'2022-10-05 10:00:00.000000','INCOMPLETE','Depressed',1,10),(32,'2022-10-05 10:00:00.000000','INCOMPLETE','Insomnia',9,10),(33,'2022-10-05 15:00:00.000000','INCOMPLETE','Company',1,7),(34,'2022-10-06 13:20:00.000000','INCOMPLETE','Depressed',33,19),(35,'2022-10-05 10:00:00.000000','INCOMPLETE','Depressed',1,10),(36,'2022-10-07 10:00:00.000000','INCOMPLETE','Depressed',1,10),(37,'2022-10-07 10:00:00.000000','INCOMPLETE','Depressed',1,10),(38,'2022-10-07 10:00:00.000000','INCOMPLETE','Family',2,10),(39,'2022-10-13 10:00:00.000000','INCOMPLETE','Family',2,10),(41,'2022-10-15 10:00:00.000000','INCOMPLETE','Depressed',33,10),(42,'2022-10-07 13:00:00.000000','INCOMPLETE','SelfUnderstanding',6,31),(43,'2022-10-14 08:59:00.000000','INCOMPLETE','SelfUnderstanding',34,105);
/*!40000 ALTER TABLE `counsel` ENABLE KEYS */;
UNLOCK TABLES;

--
-- Table structure for table `counselor`
--

DROP TABLE IF EXISTS `counselor`;
/*!40101 SET @saved_cs_client     = @@character_set_client */;
/*!50503 SET character_set_client = utf8mb4 */;
CREATE TABLE `counselor` (
  `id` int NOT NULL AUTO_INCREMENT,
  `available_time` varchar(255) COLLATE utf8mb4_0900_as_cs DEFAULT NULL,
  `career` varchar(1000) COLLATE utf8mb4_0900_as_cs DEFAULT NULL,
  `certificate` varchar(1000) COLLATE utf8mb4_0900_as_cs DEFAULT NULL,
  `email` varchar(255) COLLATE utf8mb4_0900_as_cs NOT NULL,
  `explanation` varchar(1000) COLLATE utf8mb4_0900_as_cs DEFAULT NULL,
  `gender` varchar(255) COLLATE utf8mb4_0900_as_cs DEFAULT NULL,
  `name` varchar(255) COLLATE utf8mb4_0900_as_cs NOT NULL,
  `password` varchar(255) COLLATE utf8mb4_0900_as_cs NOT NULL,
  `subject` varchar(255) COLLATE utf8mb4_0900_as_cs DEFAULT NULL,
  `profile_image` varchar(255) COLLATE utf8mb4_0900_as_cs DEFAULT NULL,
  PRIMARY KEY (`id`),
  UNIQUE KEY `UK_ng38u1df8jx0886qfyuo9owyq` (`email`)
) ENGINE=InnoDB AUTO_INCREMENT=35 DEFAULT CHARSET=utf8mb4 COLLATE=utf8mb4_0900_as_cs;
/*!40101 SET character_set_client = @saved_cs_client */;

--
-- Dumping data for table `counselor`
--

LOCK TABLES `counselor` WRITE;
/*!40000 ALTER TABLE `counselor` DISABLE KEYS */;
INSERT INTO `counselor` VALUES (1,'평일','상담경력 2년 이상','상담심리사 1급 (상담심리전문가) (한국상담심리학회)#청소년 상담사 (여성가족부)','lms@ssafy.com','마음의 문을 열고 나아갈 바닷길\\n내 마음속 낡고 어두운 방 문을 열고 넓은 바다로 나아가요. 우리가 하게 될 상담은 앞으로 어떤 방향으로 가야 할지 삶의 지도를 저와 함께 그려나가는 시간입니다. 안가본 길이라 축축하고 발이 무거워도 한 발 한 발 내딛고 목적지에 도달해서 돌아보면, 지나온 모든 길은 꽃길이 되어있을 거예요.','FEMALE','이미소','lms123!','Depressed','https://firebasestorage.googleapis.com/v0/b/hugging-97603.appspot.com/o/Counselor%2F1.jpg?alt=media&token=f08789f5-6a76-4b11-bc94-4daf1a24dfb9'),(2,'평일','싸피대학교 상담 석사 졸업','전문 상담사 2급 (한국상담학회)#전문상담교사 2급 (교육과학기술부장관)#청소년상담사 3급(여성가족부장관)','khj1@ssafy.com','축복은 잃어버리기 전까지 알지 못하는 것이라고 합니다.\\n배가 고플 때 우리는 비로소 음식에 감사하게 되고,\\n추운 겨울이 지나고 봄이 왔을 때, 우리는 따스한 햇살과 싱그러운 봄 향기,\\n움트는 새싹에도 감사하게 됩니다.\\n일상에서 스트레스가 느껴지는 날도 괜찮습니다.\\n마음 속 깊은 곳에 자리한 결핍이 느껴져도 괜찮습니다.\\n짜증과 신경질로 인해 어느 날엔 마음이 무너져 내리는 느낌이 들어도 괜찮습니다.\\n어쩌면 이러한 신호가 주어질 때, 우리는 익숙함에 그저 지나치던 감사한 것들을 발견할 수 있는 기회가 될 테니까요.','FEMALE','김호진','khj1123!','Family','https://firebasestorage.googleapis.com/v0/b/hugging-97603.appspot.com/o/Counselor%2F2.jpg?alt=media&token=fd672d20-c91f-444b-810b-df7358956915'),(3,'평일','상담 경력 5년 이상#이전)대전 유성구 청소년상담복지센터1388 개인상담, 집단상담#현재) 대전 구청 아동 및 성인, 노인 상담#현재) 세종시 교육청 다문화상담','전문 상담사 2급 (한국상담학회)','csk@ssafy.com','오늘도 답답하고 힘든 하루 잘 버티느라 애쓰신 당신! 정말 잘 오셨어요~! 여러분 곁에 언제나 따뜻하고 든든한 심리 멘탈 케어 전문가 조성규 심리상담가가 있습니다.  각 센터에서의 경험을 바탕으로 내담자들의 마음의 안녕과 치유를 위해 오늘도 최선을 다하고 있어요. Hungging 3만회 이상의 온라인 상담과 최다수 후기가 그것을 입증하고 있습니다.  지금부터 상담을 통해 당신의 성장과 변화를 위한 행복의 비법을 얻어 가세요!!','MALE','조성규','jsk123!','Depressed','https://firebasestorage.googleapis.com/v0/b/hugging-97603.appspot.com/o/Counselor%2F3.jpg?alt=media&token=2b80d238-2ea9-4438-9ad1-4bf0e75f849c'),(4,'주말','상담 경력 12년#이전) 서울대학교 공과대학 학생상담센터 전임상담원#이전) 대법원 상담원#이전) 동적여자대학교 학생생활연구소 상담원#현재) 굿마인드 심리상담센터 소장','상담심리사 1급 (상담심리전문가) (한국상담심리학회)#청소년 상담사 (여성가족부)','syr@ssafy.com','Q. 선생님의 주요 상담 기법에 대해 이야기해주세요.\\n짧은 기간의 상담(1~9회기 정도) : 주로 인지치료적인 기법과 해결중심적인 기법을 활용한 구조화 상담.\\n긴 기간의 상담(10회기 이상) : 인지치료적 기법과 더불어 인간 중심, 정신역동에 기반한 지지적 상담.\\n단기상담은 소크라테스식 질문법을 활용해 인지치료 설명-호소문제 정의-문제를 유발하는 사고와 감정 규명-대안적 사고와 행동 탐색-변화한 사고와 감정 평가로 이루어진 구조화된 상담을 지향합니다.\\n공감, 라포형성에 기반한 정서적 지지치료는 장기상담을 신청해 주신 분들과 가능합니다.','FEMALE','송예림','syr123!','Depressed','https://firebasestorage.googleapis.com/v0/b/hugging-97603.appspot.com/o/Counselor%2F4.jpg?alt=media&token=3ab06bac-7e71-4165-b4ad-cd219488cad5'),(5,'주말','상담 경력 9년 5개월 이상#이전) 초등학교 Wee 클래스 운영, 학생학부모개인집단상담, 심리교육, 심리검사, 교사자문#현재) 중학교 Wee클래스 운영, 학생학부모개인집단상담, 심리검사, 심리교육, 심리검사교사자문#현재) 우리들심리상담센터 개인상담, 심리검사','전문 상담사 2급 (한국상담학회)#전문상담교사 2급 (교육과학기술부장관)#청소년상담사 3급(여성가족부장관)','ljh@ssafy.com','좋은 친구이며 좋은 조력자이고 싶어요\\n누구나 살아가면서 고민이 되고 갈등이 되는 심란한 상황이 있습니다. 저도 전문 상담사로 일하지만 인생의 힘겨운 고비가 오면 좋은 스승을 찾아가고 좋은 동료를 만나 이야기를 나누고 마음을 위로받고 살아가고 있습니다. 저는 늘 꿈을 잘 꾸는 사람이어서 자고 일어나면 생각나는 꿈을 적고 기록해 두며 꿈의 내용을 분석하고 나를 이해하고 현재의 나를 만나는 도구로 사용하고 있으며 나를 이해하고 수용하고 받아들이고 있습니다. 저는 상담사로 사는 인생이 참 행복합니다, 제 자신이 상담을 공부하며 성장했고 행복하였으므로 이제는 저와 상담을 하는 모든 내담자들이 행복을 찾아가고 현실의 어려움에 당당히 일어설 수 있도록 조력하고 싶습니다. 감사합니다.','FEMALE','이주희','ljh123!','Depressed','https://firebasestorage.googleapis.com/v0/b/hugging-97603.appspot.com/o/Counselor%2F5.jpg?alt=media&token=00ceabf1-893c-4ba6-ad2a-aa5612c0fc4e'),(6,'평일','상담 경력 2년 이상#이전)청소년상담복지센터 학교폭력상담, 학부모 상담지원#이전)중학교 학생학부모개인집단상담, 심리검사, 심리교육, 심리검사교사자문#현재)미래심리상담센터 개인상담, 심리검사','전문 상담사 2급 (한국상담학회)#사회복지사 2급 (보건복지부장관)','cjh@ssafy.com','마음의 문을 열고 나아갈 바닷길\\n내 마음속 낡고 어두운 방 문을 열고 넓은 바다로 나아가요. 우리가 하게 될 상담은 앞으로 어떤 방향으로 가야 할지 삶의 지도를 저와 함께 그려나가는 시간입니다. 안가본 길이라 축축하고 발이 무거워도 한 발 한 발 내딛고 목적지에 도달해서 돌아보면, 지나온 모든 길은 꽃길이 되어있을 거예요.','FEMALE','최주희','cjh123!','SelfUnderstanding','https://firebasestorage.googleapis.com/v0/b/hugging-97603.appspot.com/o/Counselor%2F6.jpg?alt=media&token=a26b2a9b-fff0-4aa8-ba0a-fc1499c0ab23'),(7,'주말','상담 경력 7년#이전) 대학상담센터 심리상담#이전) 경기도교육청 위센터 심리상담#이전) 교육지원청 위센터 심리상담#현재) 청소년쉼터 심리상담','상담심리사 2급 (한국상담심리학회)#청소년상담사 2급 (여성가족부)','rik@ssafy.com','나\'를 만날 용기가 필요하신가요?\\n이곳은 \'나만을 위한\' 개인적인 공간입니다.\\n이제는 주변 사람들에게 꺼내기도 미안할만큼 터놓을 사람이 없으신가요?\\n더 이상 누군가를 만나기도 부담스러워 털어놓기 힘들었던 이야기를 들려주세요.\\n이번 기회로 혼자 끙끙 싸매고 있던 짐을 조금은 나눠볼 용기를 내어본다면 내가 어떤 때에 행복한 사람인지, 무엇을 잘할 수 있는 사람인지, 그리고 내가 충분히 가치있는 존재라는 것을 느끼기 시작하는 회복의 시간들이 되실거라 기대합니다.\\n기다리고 있겠습니다.:)','MALE','유일권','rik123!','SelfUnderstanding','https://firebasestorage.googleapis.com/v0/b/hugging-97603.appspot.com/o/Counselor%2F7.jpg?alt=media&token=fc19822f-001e-40f5-a603-a9a48b77d09a'),(8,'주말','상담 경력 5년 이상#이전) 한국기업컨설팅 HR#이전) 대학생활상담센터 상담원#이전) SK C&C 공감플러스 상담 및 심리검사','사회복지사 2급 (보건복지부장관)','hkd@ssafy.com','혼자가 아닌 함께 가고 싶습니다.\\n안녕하세요! 반갑습니다!\\n모든 관계에서 가장 중요하다고 생각되는 것은 정서적으로 안정감을 느낄 수 있을 때 라고 생각해요. 안정감을 느끼면 그동안 위축되었던 마음이 회복되고 새로운 시도와 더 나아가 도전을 할 수 있는 힘이 생길 수 있어요. 누구나 다 있는 그런 순간 마냥 행복하기만 하면 좋겠지만 때론 좌절할 일도 있고 속상한 일이 있을 수 있는데 그 때, 너무 힘들어하지 않으셨으면 해요. 판단하고 조언하는 것이 아닌 공감과 존중을 통하여 객관화하고 얼마나 강인하고 힘이 있는 사람인지 그간의 노력을 나누고 함게 하고자해요. 함께 하겠습니다. :)','MALE','홍길동','hkd123!','SelfUnderstanding','https://firebasestorage.googleapis.com/v0/b/hugging-97603.appspot.com/o/Counselor%2F8.jpg?alt=media&token=62bbf16d-2e68-4977-be0a-60c2fab611bd'),(9,'평일','상담 경력 5년 이상#이전) 전북아동보호전문기관 아동놀이치료 및 부모교육, 심리검사#이전) 전북인터넷중독대응센터 청소년, 성인 상담#이전) 전북가정위탁지원센터 아동, 청소년, 성인 상담 및 심리검사','전문 상담사 2급 (한국상담학회)#임상심리사 (한국산업인력공단)#인터넷중독전문상담사(한국정보화진흥원)','kcs@ssafy.com','당신의 이야기를 함께 나누고 싶습니다.\\n우리 모두는 삶의 여정에서 길을 잃기도 하고, 힘겨운 고통의 순간을 마주하는 것 같습니다. 그럴 때 우리는 그 고통에 매몰되어 자신이 얼마나 소중한지 잊어버리는 것 같습니다. 특히 성ㅇ장하기도 전에 이를 제대로 알려주는 누군가가 없었다면 더욱 모르고 살아가게 되는 것 같습니다. 그러나 힘겹고 고통스러운 그순간에 역설적으로 오히려 자신을 진정으로 만나는 용기를 낸다면 삶의 이야기는 또 다르게 쓰여지는 것 같습니다. 그 이야기가 쓰여질 때, 당신에게는 이미 포기하지 않고 나아갈 수 있는 힘이 있음을 나누고 싶습니다. 단 하나뿐인 당신의 이야기를!','MALE','김철수','kcs123!','Insomnia','https://firebasestorage.googleapis.com/v0/b/hugging-97603.appspot.com/o/Counselor%2F9.jpg?alt=media&token=a6810ae8-812e-41d0-b89b-ee2acf2fbda2'),(10,'평일','상담 경력 2년 이상#이전)청소년상담복지센터 학교폭력상담, 학부모 상담지원#이전)중학교 학생학부모개인집단상담, 심리검사, 심리교육, 심리검사교사자문#현재)미래심리상담센터 개인상담, 심리검사','상담심리사 1급 (상담심리전문가) (한국상담심리학회)#청소년 상담사 (여성가족부)','ksa@ssafy.com','오늘도 답답하고 힘든 하루 잘 버티느라 애쓰신 당신! 정말 잘 오셨어요~! 여러분 곁에 언제나 따뜻하고 든든한 심리 멘탈 케어 전문가 김수아 심리상담가가 있습니다.  각 센터에서의 경험을 바탕으로 내담자들의 마음의 안녕과 치유를 위해 오늘도 최선을 다하고 있어요. Hungging 3만회 이상의 온라인 상담과 최다수 후기가 그것을 입증하고 있습니다.  지금부터 상담을 통해 당신의 성장과 변화를 위한 행복의 비법을 얻어 가세요!!','FEMALE','김수아','ksa123!','Insomnia','https://firebasestorage.googleapis.com/v0/b/hugging-97603.appspot.com/o/Counselor%2F10.jpg?alt=media&token=fa2109cf-4766-4368-9f60-ce5ead00a33d'),(11,'주말','상담 경력 2년 4개월 이상#현재) 대구서구건강가정, 다문화가정센터 가족 및 부부상담#이전) 대구보호관찰소 보호관찰 청소년 상담#이전) 경찰공무원 사건 전문조사관 경력 20년','전문 상담사 2급 (한국상담학회)#학교폭력상담사 2급 ((재)푸른나무 청예단)','lhb@ssafy.com','괜찮은 건가요, 용기를 가졌으면 해요\\n저는 경찰관으로 각종 사건을 조사하는 \"전문조사관\"으로 약 20년간 근무하였습니다. 그래서 학교폭력, 성폭력, 가족간의 갈등(부모와 자녀, 부부간), 사기사건 등 수많은 사람들을 조사하고 상담하였습니다. 그래서 심리적으로 고통받는 사람들의 마음이 어떠한지 잘 알고 있습니다.\\n\\n마음의 상처는 상담을 통해 스스로 해결할 수 있는 \"마음의 근육\"을 키워야 합니다.\\n만약, 지금 어려움을 겪고 계신다면 망설이지 마시고 노-크하세요. 제가 도와드리겠습니다.',' FEMALE','이한별','lhb123!','Insomnia','https://firebasestorage.googleapis.com/v0/b/hugging-97603.appspot.com/o/Counselor%2F11.jpg?alt=media&token=1e53e965-7ce1-4def-ab96-11dd227ad8d3'),(12,'주말','상담 경력 9년 5개월 이상#이전) 초등학교 Wee 클래스 운영, 학생학부모개인집단상담, 심리교육, 심리검사, 교사자문#현재) 중학교 Wee클래스 운영, 학생학부모개인집단상담, 심리검사, 심리교육, 심리검사교사자문#현재) 우리들심리상담센터 개인상담, 심리검사','상담심리사 1급 (상담심리전문가) (한국상담심리학회)#청소년 상담사 (여성가족부)','csr@ssafy.com','저는 해결중심치료, 현실치료, 인지행동치료 기법을 이용하여 상담을 하고 있습니다.\\n현재 힘들어하는 문제에 대해 그 원인과 해결방법을 찾고, 문제를 충분히 이해시키고, 문제를 해결할 수 있도록 도와주고,\\n내담자가 \"원하는 삶\"이 무엇인지, 현재 선택하고 있는 사고와 행동이 어떠한지 탐색하고, 아울러 원하는 삶을 위해서는 \"어떻게 해야하는지\"를 내담자가 스스로 선택할 수 있도록 도와주고,\\n고통받는 삶에서 희망과 용기를 주는 상담사가 되고자 노력하고 있습니다.\\n언제든 오세요. 도와드리겠습니다.','FEMALE','최서림','csr123!','Family','https://firebasestorage.googleapis.com/v0/b/hugging-97603.appspot.com/o/Counselor%2F12.jpg?alt=media&token=26a479e5-8db5-4ec2-b4ae-02f7d57068e7'),(13,'주말','상담 경력 7년#이전) 대학상담센터 심리상담#이전) 경기도교육청 위센터 심리상담#이전) 교육지원청 위센터 심리상담#현재) 청소년쉼터 심리상담','전문문학치료사 (통합문학치료학회)#문학치료슈퍼바이저 (EAG & FPI)','chn@ssafy.com','잃어버린 언어를 찾아주는 문학 치료사\\n우리의 삶을 돌아보면 크고 작은 상처들로 얼룩져 있습니다.\\n자신의 잘못이 아님에도 자신의 잘못이라고 생각하고 주눅이 든 채로 살아왔습니다.\\n처음에는 크게 문제가 되지 않은 것처럼 마음속에 담아두지만 시간이 지날수록 자신도 모르게 움츠리게 되거나 화가 나는 것을 경험하게 됩니다.\\n문학치료사로서 여러분들의 잃어버린 언어를 찾을 수 있고, 자신이 원하는 것이 무엇이며 하고 싶은 말이 무엇인지를 당당하게 표현할 수 있게 도와드리겠습니다.','FEMALE','최하늘','chn123!','Family','https://firebasestorage.googleapis.com/v0/b/hugging-97603.appspot.com/o/Counselor%2F13.jpg?alt=media&token=4498ae1f-0e63-4923-93f9-74cf732ceabf'),(14,'주말','상담 경력 5년 이상#현재) 마음씨앗찾기 상담#현재) 학부모교육원 집단상담','전문 상담사 2급 (한국상담학회)#분노조절인성지도사 2급 (인성소통협회)','hmh@ssafy.com','\'지금-여기\'에서 일어나는 감정들\\n \'지금-여기\'에서 일어나는 감정들을 살펴보면 지난 시간들이 모인 결과물입니다.\\n자신의 문제를 바라볼 수 있도록 도와주며 스스로 해결책을 찾아서 조금씩 문제를 해결해 나갈 수 있도록 인지행동치료에 중점을 둡니다.\\n하지만 자신의 문제를 바라보기 어려운 사람들에게는 문학치료를 통해서 자신의 문제를 간접적으로 바라볼 수 있도록 힘을 키워주고,\\n 자신의 문제와 결부시켜 스스로 해결책을 찾고, 자신의 문제를 이겨낼 수 있도록 합니다.','MALE','황민현','hmh123!','Family','https://firebasestorage.googleapis.com/v0/b/hugging-97603.appspot.com/o/Counselor%2F14.jpg?alt=media&token=6928b8f2-8fd4-4c71-ae02-ea1862148c80'),(15,'주말','상담 경력 1년 이상#이전) 경상북도 청소년상담복지센터 청소년 상담 및 심리 검사#이전) H&N 심리상담센터 심리치료사#현재) 한국직업능력개발원 진로상담전문위원','전문 상담사 2급 (한국상담학회)#청소년상담사 2급 (여성가족부)#다중지능 전문교육강사(다중지능연구소)','kjs@ssafy.com','포근한 나무가 되어드리고 싶습니다\\n진로 고민의 시기에 우연히 알게되어 찾아간 대학 내 상담센터에서 한 따뜻한 사람을 만났습니다.\\n그 분은 저에게 \"심리학을 공부해보면 어떻겠냐는 권유를 하였습니다.\"\\n시간이 흐른 지금 제가 그 분처럼 상담사, 심리치료사, 법원 보호위원 등의 직함을 두고 사회속에서 활약하고 있습니다.\\n현재의 제가 존재하기까진 여러 사람의 영향이 있었습니다. 그렇기 때문에 함께하는 삶 속에서 함께 성장하는 사람이 되고 싶습니다.\\n상담사인 저 역시도 여러분들과 함께 성장하겠습니다.',' FEMALE','김지수','kjs123!','School','https://firebasestorage.googleapis.com/v0/b/hugging-97603.appspot.com/o/Counselor%2F15.jpg?alt=media&token=31299b5f-d518-4387-835b-e0697f5b9b92'),(16,'평일','상담 경력 2년 이상#이전)청소년상담복지센터 학교폭력상담, 학부모 상담지원#이전)중학교 학생학부모개인집단상담, 심리검사, 심리교육, 심리검사교사자문#현재)미래심리상담센터 개인상담, 심리검사','전문 상담사 2급 (한국상담학회)#한국형애니어그램 일반강사 (한국애니어그램연구소)#미술심리상담사 2급 (대한심리상담협회)','cmk@ssafy.com','혼자가 아닌 함께 가고 싶습니다.\\n안녕하세요! 반갑습니다!\\n모든 관계에서 가장 중요하다고 생각되는 것은 정서적으로 안정감을 느낄 수 있을 때 라고 생각해요. 안정감을 느끼면 그동안 위축되었던 마음이 회복되고 새로운 시도와 더 나아가 도전을 할 수 있는 힘이 생길 수 있어요. 누구나 다 있는 그런 순간 마냥 행복하기만 하면 좋겠지만 때론 좌절할 일도 있고 속상한 일이 있을 수 있는데 그 때, 너무 힘들어하지 않으셨으면 해요. 판단하고 조언하는 것이 아닌 공감과 존중을 통하여 객관화하고 얼마나 강인하고 힘이 있는 사람인지 그간의 노력을 나누고 함게 하고자해요. 함께 하겠습니다. :)','MALE','최민기','cmk123!','School','https://firebasestorage.googleapis.com/v0/b/hugging-97603.appspot.com/o/Counselor%2F16.jpg?alt=media&token=e7547bd6-771f-4691-8b42-dda3dffd7e89'),(17,'평일','상담 경력 5년 이상#이전) 전북아동보호전문기관 아동놀이치료 및 부모교육, 심리검사#이전) 전북인터넷중독대응센터 청소년, 성인 상담#이전) 전북가정위탁지원센터 아동, 청소년, 성인 상담 및 심리검사','전문 상담사 2급 (한국상담학회)#청소년상담사 2급 (여성가족부)#다중지능 전문교육강사(다중지능연구소)','lsa@ssafy.com','좋은 친구이며 좋은 조력자이고 싶어요\\n누구나 살아가면서 고민이 되고 갈등이 되는 심란한 상황이 있습니다. 저도 전문 상담사로 일하지만 인생의 힘겨운 고비가 오면 좋은 스승을 찾아가고 좋은 동료를 만나 이야기를 나누고 마음을 위로받고 살아가고 있습니다. 저는 늘 꿈을 잘 꾸는 사람이어서 자고 일어나면 생각나는 꿈을 적고 기록해 두며 꿈의 내용을 분석하고 나를 이해하고 현재의 나를 만나는 도구로 사용하고 있으며 나를 이해하고 수용하고 받아들이고 있습니다. 저는 상담사로 사는 인생이 참 행복합니다, 제 자신이 상담을 공부하며 성장했고 행복하였으므로 이제는 저와 상담을 하는 모든 내담자들이 행복을 찾아가고 현실의 어려움에 당당히 일어설 수 있도록 조력하고 싶습니다. 감사합니다.','FEMALE','이설아','lsa123!','School','https://firebasestorage.googleapis.com/v0/b/hugging-97603.appspot.com/o/Counselor%2F17.jpg?alt=media&token=119b0eca-7592-46c2-aa40-172c4672b0dc'),(18,'주말','상담 경력 3년 이상#현재) 한국EAP협회 공무원 대상 상담 및 심리검사#이전) 행복한 동행 개인 상담 및 심리검사','전문 상담사 2급 (한국상담학회)#한국형애니어그램 일반강사 (한국애니어그램연구소)#미술심리상담사 2급 (대한심리상담협회)','cmk1@ssafy.com','축복은 잃어버리기 전까지 알지 못하는 것이라고 합니다.\\n배가 고플 때 우리는 비로소 음식에 감사하게 되고,\\n추운 겨울이 지나고 봄이 왔을 때, 우리는 따스한 햇살과 싱그러운 봄 향기,\\n움트는 새싹에도 감사하게 됩니다.\\n\\n일상에서 스트레스가 느껴지는 날도 괜찮습니다.\\n마음 속 깊은 곳에 자리한 결핍이 느껴져도 괜찮습니다.\\n짜증과 신경질로 인해 어느 날엔 마음이 무너져 내리는 느낌이 들어도 괜찮습니다.\\n\\n어쩌면 이러한 신호가 주어질 때, 우리는 익숙함에 그저 지나치던 감사한 것들을 발견할 수 있는 기회가 될 테니까요.','MALE','최민규','cmk1123!','Company','https://firebasestorage.googleapis.com/v0/b/hugging-97603.appspot.com/o/Counselor%2F18.jpg?alt=media&token=1da60926-2b7b-45c6-b6d4-e44bcc69959b'),(19,'평일','상담 경력 9년 5개월 이상#이전) 초등학교 Wee 클래스 운영, 학생학부모개인집단상담, 심리교육, 심리검사, 교사자문#현재) 중학교 Wee클래스 운영, 학생학부모개인집단상담, 심리검사, 심리교육, 심리검사교사자문#현재) 우리들심리상담센터 개인상담, 심리검사','전문 상담사 2급 (한국상담학회)#한국형애니어그램 일반강사 (한국애니어그램연구소)#미술심리상담사 2급 (대한심리상담협회)','jjh@ssafy.com','나\'를 만날 용기가 필요하신가요?\\n이곳은 \'나만을 위한\' 개인적인 공간입니다.\\n이제는 주변 사람들에게 꺼내기도 미안할만큼 터놓을 사람이 없으신가요?\\n더 이상 누군가를 만나기도 부담스러워 털어놓기 힘들었던 이야기를 들려주세요.\\n이번 기회로 혼자 끙끙 싸매고 있던 짐을 조금은 나눠볼 용기를 내어본다면 내가 어떤 때에 행복한 사람인지, 무엇을 잘할 수 있는 사람인지, 그리고 내가 충분히 가치있는 존재라는 것을 느끼기 시작하는 회복의 시간들이 되실거라 기대합니다.\\n기다리고 있겠습니다.:)','MALE','조준희','jjh123!','Company','https://firebasestorage.googleapis.com/v0/b/hugging-97603.appspot.com/o/Counselor%2F19.jpg?alt=media&token=0cdd8489-e281-4fcf-a273-53ec7f33dfe6'),(20,'평일','상담 경력 5년 이상#이전) 전북아동보호전문기관 아동놀이치료 및 부모교육, 심리검사#이전) 전북인터넷중독대응센터 청소년, 성인 상담#이전) 전북가정위탁지원센터 아동, 청소년, 성인 상담 및 심리검사','상담심리사 2급 (한국상담심리학회)#청소년상담사 2급 (여성가족부)','ksj@ssafy.com','당신의 이야기를 함께 나누고 싶습니다.\\n우리 모두는 삶의 여정에서 길을 잃기도 하고, 힘겨운 고통의 순간을 마주하는 것 같습니다. 그럴 때 우리는 그 고통에 매몰되어 자신이 얼마나 소중한지 잊어버리는 것 같습니다. 특히 성ㅇ장하기도 전에 이를 제대로 알려주는 누군가가 없었다면 더욱 모르고 살아가게 되는 것 같습니다. 그러나 힘겹고 고통스러운 그순간에 역설적으로 오히려 자신을 진정으로 만나는 용기를 낸다면 삶의 이야기는 또 다르게 쓰여지는 것 같습니다. 그 이야기가 쓰여질 때, 당신에게는 이미 포기하지 않고 나아갈 수 있는 힘이 있음을 나누고 싶습니다. 단 하나뿐인 당신의 이야기를!','FEMALE','김수진','ksj123!','Company','https://firebasestorage.googleapis.com/v0/b/hugging-97603.appspot.com/o/Counselor%2F20.jpg?alt=media&token=d5ccda80-7689-42ea-b627-c3c06b74b029'),(21,'평일','상담 경력 3년 이상#현재) 한국EAP협회 공무원 대상 상담 및 심리검사#이전) 행복한 동행 개인 상담 및 심리검사','전문 상담사 2급 (한국상담학회)#한국형애니어그램 일반강사 (한국애니어그램연구소)#미술심리상담사 2급 (대한심리상담협회)','khj@ssafy.com','좋은 친구이며 좋은 조력자이고 싶어요\\n누구나 살아가면서 고민이 되고 갈등이 되는 심란한 상황이 있습니다. 저도 전문 상담사로 일하지만 인생의 힘겨운 고비가 오면 좋은 스승을 찾아가고 좋은 동료를 만나 이야기를 나누고 마음을 위로받고 살아가고 있습니다. 저는 늘 꿈을 잘 꾸는 사람이어서 자고 일어나면 생각나는 꿈을 적고 기록해 두며 꿈의 내용을 분석하고 나를 이해하고 현재의 나를 만나는 도구로 사용하고 있으며 나를 이해하고 수용하고 받아들이고 있습니다. 저는 상담사로 사는 인생이 참 행복합니다, 제 자신이 상담을 공부하며 성장했고 행복하였으므로 이제는 저와 상담을 하는 모든 내담자들이 행복을 찾아가고 현실의 어려움에 당당히 일어설 수 있도록 조력하고 싶습니다. 감사합니다.','FEMALE','김희주','khj123!','Relationship','https://firebasestorage.googleapis.com/v0/b/hugging-97603.appspot.com/o/Counselor%2F21.jpg?alt=media&token=152624d9-baad-4719-8ea3-7f58c3b75bb2'),(22,'평일','상담 경력 7년#이전) 대학상담센터 심리상담#이전) 경기도교육청 위센터 심리상담#이전) 교육지원청 위센터 심리상담#현재) 청소년쉼터 심리상담','전문 상담사 2급 (한국상담학회)#임상심리사 (한국산업인력공단)#인터넷중독전문상담사(한국정보화진흥원)','kja@ssafy.com','혼자가 아닌 함께 가고 싶습니다.\\n안녕하세요! 반갑습니다!\\n모든 관계에서 가장 중요하다고 생각되는 것은 정서적으로 안정감을 느낄 수 있을 때 라고 생각해요. 안정감을 느끼면 그동안 위축되었던 마음이 회복되고 새로운 시도와 더 나아가 도전을 할 수 있는 힘이 생길 수 있어요. 누구나 다 있는 그런 순간 마냥 행복하기만 하면 좋겠지만 때론 좌절할 일도 있고 속상한 일이 있을 수 있는데 그 때, 너무 힘들어하지 않으셨으면 해요. 판단하고 조언하는 것이 아닌 공감과 존중을 통하여 객관화하고 얼마나 강인하고 힘이 있는 사람인지 그간의 노력을 나누고 함게 하고자해요. 함께 하겠습니다. :)','FEMALE','김지안','kja123!','Relationship','https://firebasestorage.googleapis.com/v0/b/hugging-97603.appspot.com/o/Counselor%2F22.jpg?alt=media&token=f0703c14-0e72-40bd-9cfd-89898e76a6d1'),(23,'주말','상담 경력 1년 이상#이전) 경상북도 청소년상담복지센터 청소년 상담 및 심리 검사#이전) H&N 심리상담센터 심리치료사#현재) 한국직업능력개발원 진로상담전문위원','전문 상담사 2급 (한국상담학회)#청소년상담사 2급 (여성가족부)#다중지능 전문교육강사(다중지능연구소)','cyh@ssafy.com','Mr.Mo\\n저는 미국에서 심리학을 전공하며 내담자와의 첫 만남을 시작했습니다.\\n가정폭력 쉼터, 청소년 상담복지 센터, 대학 센터를 거치며 다양한 배경을 지닌 내담자를 만나고, 상담수련을 통해 자격을 취득했습니다.\\n현재는 기업상담 회사에 재직하고 있기 때문에, 직장인들의 고충을 누구보다 잘 이해하고 있으며\\n단기 해결중심상담을 통해 내담자가 현재 마주하고 있는 고민에 체계적으로 접근합니다.\\n당신이 용기내어 만든 이 변화의 지점에서 안전한 버팀목이 되어드리겠습니다.','FEMALE','최영희','cyh123!','Relationship','https://firebasestorage.googleapis.com/v0/b/hugging-97603.appspot.com/o/Counselor%2F23.jpg?alt=media&token=c2789a43-dfe8-49fa-91db-092bc97c4696'),(24,'주말','상담 경력 2년 이상#이전)청소년상담복지센터 학교폭력상담, 학부모 상담지원#이전)중학교 학생학부모개인집단상담, 심리검사, 심리교육, 심리검사교사자문#현재)미래심리상담센터 개인상담, 심리검사','전문 상담사 2급 (한국상담학회)#분노조절인성지도사 2급 (인성소통협회)','rjy@ssafy.com','축복은 잃어버리기 전까지 알지 못하는 것이라고 합니다.\\n배가 고플 때 우리는 비로소 음식에 감사하게 되고,\\n추운 겨울이 지나고 봄이 왔을 때, 우리는 따스한 햇살과 싱그러운 봄 향기,\\n움트는 새싹에도 감사하게 됩니다.\\n일상에서 스트레스가 느껴지는 날도 괜찮습니다.\\n마음 속 깊은 곳에 자리한 결핍이 느껴져도 괜찮습니다.\\n짜증과 신경질로 인해 어느 날엔 마음이 무너져 내리는 느낌이 들어도 괜찮습니다.\\n어쩌면 이러한 신호가 주어질 때, 우리는 익숙함에 그저 지나치던 감사한 것들을 발견할 수 있는 기회가 될 테니까요.','MALE','유준영','rjy123!','Love','https://firebasestorage.googleapis.com/v0/b/hugging-97603.appspot.com/o/Counselor%2F24.jpg?alt=media&token=8adf7072-45a6-4782-a41b-9989ce645c9b'),(25,'평일','상담 경력 10년#이전) 서울대학교 공과대학 학생상담센터 전임상담원#이전) 대법원 상담원#이전) 동적여자대학교 학생생활연구소 상담원#현재) 굿마인드 심리상담센터 소장','전문문학치료사 (통합문학치료학회)#문학치료슈퍼바이저 (EAG & FPI)','cmc@ssafy.com','오늘도 답답하고 힘든 하루 잘 버티느라 애쓰신 당신! 정말 잘 오셨어요~! 여러분 곁에 언제나 따뜻하고 든든한 심리 멘탈 케어 전문가 김수아 심리상담가가 있습니다.  각 센터에서의 경험을 바탕으로 내담자들의 마음의 안녕과 치유를 위해 오늘도 최선을 다하고 있어요. Hungging 3만회 이상의 온라인 상담과 최다수 후기가 그것을 입증하고 있습니다.  지금부터 상담을 통해 당신의 성장과 변화를 위한 행복의 비법을 얻어 가세요!!','MALE','천명찬','cmc123!','Love','https://firebasestorage.googleapis.com/v0/b/hugging-97603.appspot.com/o/Counselor%2F25.jpg?alt=media&token=363fce05-c2af-436e-be6c-344871f7bc29'),(26,'평일','상담 경력 9년 5개월 이상#이전) 초등학교 Wee 클래스 운영, 학생학부모개인집단상담, 심리교육, 심리검사, 교사자문#현재) 중학교 Wee클래스 운영, 학생학부모개인집단상담, 심리검사, 심리교육, 심리검사교사자문#현재) 우리들심리상담센터 개인상담, 심리검사','상담심리사 1급 (상담심리전문가) (한국상담심리학회)#청소년 상담사 (여성가족부)','kjh@ssafy.com','마음의 문을 열고 나아갈 바닷길\\n내 마음속 낡고 어두운 방 문을 열고 넓은 바다로 나아가요. 우리가 하게 될 상담은 앞으로 어떤 방향으로 가야 할지 삶의 지도를 저와 함께 그려나가는 시간입니다. 안가본 길이라 축축하고 발이 무거워도 한 발 한 발 내딛고 목적지에 도달해서 돌아보면, 지나온 모든 길은 꽃길이 되어있을 거예요.','MALE','김정호','kjh123!','Love','https://firebasestorage.googleapis.com/v0/b/hugging-97603.appspot.com/o/Counselor%2F26.jpg?alt=media&token=21db0034-abc4-49fc-a7bb-773bb6bcb76c'),(27,'주말','상담 경력 2년 이상#이전)청소년상담복지센터 학교폭력상담, 학부모 상담지원#이전)중학교 학생학부모개인집단상담, 심리검사, 심리교육, 심리검사교사자문#현재)미래심리상담센터 개인상담, 심리검사','상담심리사 1급 (상담심리전문가) (한국상담심리학회)#청소년 상담사 (여성가족부)','hjw@ssafy.com','혼자가 아닌 함께 가고 싶습니다.\\n안녕하세요! 반갑습니다!\\n모든 관계에서 가장 중요하다고 생각되는 것은 정서적으로 안정감을 느낄 수 있을 때 라고 생각해요. 안정감을 느끼면 그동안 위축되었던 마음이 회복되고 새로운 시도와 더 나아가 도전을 할 수 있는 힘이 생길 수 있어요. 누구나 다 있는 그런 순간 마냥 행복하기만 하면 좋겠지만 때론 좌절할 일도 있고 속상한 일이 있을 수 있는데 그 때, 너무 힘들어하지 않으셨으면 해요. 판단하고 조언하는 것이 아닌 공감과 존중을 통하여 객관화하고 얼마나 강인하고 힘이 있는 사람인지 그간의 노력을 나누고 함게 하고자해요. 함께 하겠습니다. :)','MALE','황종원','hjw123!','Love','https://firebasestorage.googleapis.com/v0/b/hugging-97603.appspot.com/o/Counselor%2F27.jpg?alt=media&token=5d5babc1-84ab-4d1a-9750-525bfca9782a'),(28,'주말','상담 경력 7년#이전) 대학상담센터 심리상담#이전) 경기도교육청 위센터 심리상담#이전) 교육지원청 위센터 심리상담#현재) 청소년쉼터 심리상담','전문 상담사 2급 (한국상담학회)#청소년상담사 2급 (여성가족부)#다중지능 전문교육강사(다중지능연구소)','nhs@ssafy.com','포근한 나무가 되어드리고 싶습니다\\n진로 고민의 시기에 우연히 알게되어 찾아간 대학 내 상담센터에서 한 따뜻한 사람을 만났습니다.\\n그 분은 저에게 \"심리학을 공부해보면 어떻겠냐는 권유를 하였습니다.\"\\n시간이 흐른 지금 제가 그 분처럼 상담사, 심리치료사, 법원 보호위원 등의 직함을 두고 사회속에서 활약하고 있습니다.\\n현재의 제가 존재하기까진 여러 사람의 영향이 있었습니다. 그렇기 때문에 함께하는 삶 속에서 함께 성장하는 사람이 되고 싶습니다.\\n상담사인 저 역시도 여러분들과 함께 성장하겠습니다.','MALE','남호성','nhs123!','Relationship','https://firebasestorage.googleapis.com/v0/b/hugging-97603.appspot.com/o/Counselor%2F28.jpg?alt=media&token=5431edfa-81fc-47cf-aeba-0376e30aa92d'),(29,'평일','상담 경력 3년 이상#현재) 기업심리상담 전문 이지앤웰니스㈜ 외국인 내담자 접수, 기업상담 사업 및 사례 운영, 고객사 컨설팅#이전) A Better Way 인디애나 가정폭력쉼터 피해자 옹호 상담, 피해자 쉼터 연계, 복지 지원 등','상담심리사 2급 (한국상담심리학회)#Ball State University 심리학과 심리학 석사 졸업','wjh@ssafy.com','Mr.Mo\\n저는 미국에서 심리학을 전공하며 내담자와의 첫 만남을 시작했습니다.\\n가정폭력 쉼터, 청소년 상담복지 센터, 대학 센터를 거치며 다양한 배경을 지닌 내담자를 만나고, 상담수련을 통해 자격을 취득했습니다.\\n현재는 기업상담 회사에 재직하고 있기 때문에, 직장인들의 고충을 누구보다 잘 이해하고 있으며\\n단기 해결중심상담을 통해 내담자가 현재 마주하고 있는 고민에 체계적으로 접근합니다.\\n당신이 용기내어 만든 이 변화의 지점에서 안전한 버팀목이 되어드리겠습니다.','FEMALE','원지혜','wjh123!','Company','https://firebasestorage.googleapis.com/v0/b/hugging-97603.appspot.com/o/Counselor%2F29.jpg?alt=media&token=3159de54-d456-4ead-9795-7f7c7659b7d2'),(30,'주말','상담 경력 7년#이전) 대학상담센터 심리상담#이전) 경기도교육청 위센터 심리상담#이전) 교육지원청 위센터 심리상담#현재) 청소년쉼터 심리상담','전문 상담사 2급 (한국상담학회)#한국형애니어그램 일반강사 (한국애니어그램연구소)#미술심리상담사 2급 (대한심리상담협회)','lbj@ssafy.com','당신의 이야기를 함께 나누고 싶습니다.\\n우리 모두는 삶의 여정에서 길을 잃기도 하고, 힘겨운 고통의 순간을 마주하는 것 같습니다. 그럴 때 우리는 그 고통에 매몰되어 자신이 얼마나 소중한지 잊어버리는 것 같습니다. 특히 성장하기도 전에 이를 제대로 알려주는 누군가가 없었다면 더욱 모르고 살아가게 되는 것 같습니다. 그러나 힘겹고 고통스러운 그순간에 역설적으로 오히려 자신을 진정으로 만나는 용기를 낸다면 삶의 이야기는 또 다르게 쓰여지는 것 같습니다. 그 이야기가 쓰여질 때, 당신에게는 이미 포기하지 않고 나아갈 수 있는 힘이 있음을 나누고 싶습니다. 단 하나뿐인 당신의 이야기를!','MALE','이봉재','lbj123!','School','https://firebasestorage.googleapis.com/v0/b/hugging-97603.appspot.com/o/Counselor%2F30.jpg?alt=media&token=d0528abd-d170-4cd1-8e5e-837b036f1f22'),(31,'평일','상담 경력 1년 이상#이전) 경상북도 청소년상담복지센터 청소년 상담 및 심리 검사#이전) H&N 심리상담센터 심리치료사#현재) 한국직업능력개발원 진로상담전문위원','전문 상담사 2급 (한국상담학회)#청소년상담사 2급 (여성가족부)#다중지능 전문교육강사(다중지능연구소)','yhy@ssafy.com','포근한 나무가 되어드리고 싶습니다\\n진로 고민의 시기에 우연히 알게되어 찾아간 대학 내 상담센터에서 한 따뜻한 사람을 만났습니다.\\n그 분은 저에게 \"심리학을 공부해보면 어떻겠냐는 권유를 하였습니다.\"\\n시간이 흐른 지금 제가 그 분처럼 상담사, 심리치료사, 법원 보호위원 등의 직함을 두고 사회속에서 활약하고 있습니다.\\n현재의 제가 존재하기까진 여러 사람의 영향이 있었습니다. 그렇기 때문에 함께하는 삶 속에서 함께 성장하는 사람이 되고 싶습니다.\\n상담사인 저 역시도 여러분들과 함께 성장하겠습니다.','FEMALE','연하영','yhy123!','SelfUnderstanding','https://firebasestorage.googleapis.com/v0/b/hugging-97603.appspot.com/o/Counselor%2F31.jpg?alt=media&token=951cb8a8-fd9b-4945-b641-737d9179b6ea'),(32,'주말','상담 경력 2년 이상#이전)청소년상담복지센터 학교폭력상담, 학부모 상담지원#이전)중학교 학생학부모개인집단상담, 심리검사, 심리교육, 심리검사교사자문#현재)미래심리상담센터 개인상담, 심리검사','전문 상담사 2급 (한국상담학회)#청소년상담사 2급 (여성가족부)#다중지능 전문교육강사(다중지능연구소)','ksh@ssafy.com','오늘도 답답하고 힘든 하루 잘 버티느라 애쓰신 당신! 정말 잘 오셨어요~! 여러분 곁에 언제나 따뜻하고 든든한 심리 멘탈 케어 전문가 김수아 심리상담가가 있습니다.  각 센터에서의 경험을 바탕으로 내담자들의 마음의 안녕과 치유를 위해 오늘도 최선을 다하고 있어요. Hungging 3만회 이상의 온라인 상담과 최다수 후기가 그것을 입증하고 있습니다.  지금부터 상담을 통해 당신의 성장과 변화를 위한 행복의 비법을 얻어 가세요!!','MALE','김상화','ksh123!','Insomnia','https://firebasestorage.googleapis.com/v0/b/hugging-97603.appspot.com/o/Counselor%2F32.jpg?alt=media&token=54acc5ca-d1c5-414b-abae-0e4a059170a9'),(33,'평일','상담 경력 2년 이상#현재) 청소년상담복지센터 상담팀#이전) 동래봉생병원 언어심리상담','전문 상담사 2급 (한국상담학회)#청소년상담사 2급 (여성가족부)#전문상담사 2급 (한국상담학회)','test@ssafy.com','고민과 아픔은 나눌수록 가벼워집니다.\n우리는 살아가면서 예기치 못한 상황과 일들을 겪습니다.\n그럴 때 누군가가 내 옆에 함께 버텨주고 있다는 안정감은 살면서 큰 힘이 됩니다.\n또한 누군가와 이야기를 해야 생각이 정리가 되고, 도움을 받아야 하는 부분이 명확해지게 됩니다.','MALE','최인국','test123!','Depressed','https://firebasestorage.googleapis.com/v0/b/hugging-97603.appspot.com/o/Counselor%2F33.jpg?alt=media&token=9d65032b-3359-41d9-9d3a-192634e8fda2'),(34,'주말','상담 경력 7년 이상#현재) 늘언어심리상담소 소장#이전) 원언어심리연구소 부모교육, 언어심리상담#이전) 가델하우스가족상담연구소 심리상담','전문 상담사 2급 (한국상담학회)#심리상담사 (한국평생학습개발원)#학교폭력예방상담사 (서로사랑상담센터)','coach@ssafy.com','수년전 <굿 윌 헌팅> 영화 속에 나오는 \"네 잘못이 아니야\" 대사를 보며 펑펑 울었던 기억이 납니다.\n저 역시 어두운 내면의 터널로부터 빠져나오기 위해 수많은 노력을 해야 했습니다.\n지금은 빛 가운데로 나와 지난했던 내면 치유 경험을 담은 저서 <말이 상처가 되지 않도록>을 출간한 뒤 사람들을 상담하고 치유하는 일을 하고 있습니다.\n상담을 통해 당신의 내면 깊은 곳에 있는 존귀한 당신의 가치와 삶의 의미를 발견할 수 있도록 당신의 치유 여정 길에 제가 함께 하겠습니다.','MALE','실습코치','test123!','SelfUnderstanding','https://firebasestorage.googleapis.com/v0/b/hugging-97603.appspot.com/o/Counselor%2F34.jpg?alt=media&token=8e72c939-8962-4ba7-9d13-6e2ec0d4c4df');
/*!40000 ALTER TABLE `counselor` ENABLE KEYS */;
UNLOCK TABLES;

--
-- Table structure for table `counselor_review`
--

DROP TABLE IF EXISTS `counselor_review`;
/*!40101 SET @saved_cs_client     = @@character_set_client */;
/*!50503 SET character_set_client = utf8mb4 */;
CREATE TABLE `counselor_review` (
  `id` int NOT NULL AUTO_INCREMENT,
  `content` varchar(255) COLLATE utf8mb4_0900_as_cs DEFAULT NULL,
  `reg_date` datetime(6) DEFAULT NULL,
  `score` int NOT NULL,
  `counselor_id` int DEFAULT NULL,
  `member_id` int DEFAULT NULL,
  PRIMARY KEY (`id`),
  KEY `FKc725e4c31eusakr05v6adm6n9` (`counselor_id`),
  KEY `FK7t9900td8oely397u79rkkfug` (`member_id`),
  CONSTRAINT `FK7t9900td8oely397u79rkkfug` FOREIGN KEY (`member_id`) REFERENCES `member` (`id`),
  CONSTRAINT `FKc725e4c31eusakr05v6adm6n9` FOREIGN KEY (`counselor_id`) REFERENCES `counselor` (`id`)
) ENGINE=InnoDB AUTO_INCREMENT=71 DEFAULT CHARSET=utf8mb4 COLLATE=utf8mb4_0900_as_cs;
/*!40101 SET character_set_client = @saved_cs_client */;

--
-- Dumping data for table `counselor_review`
--

LOCK TABLES `counselor_review` WRITE;
/*!40000 ALTER TABLE `counselor_review` DISABLE KEYS */;
INSERT INTO `counselor_review` VALUES (1,'짧은 상담시간임에도 불구하고 제가 긴 시간동안 갖고있던 고민에 대해 깔끔하게 정리하고 상담해주셨어요. 상담받은 후엔 마음이 훨씬 더 편안해졌어요','2022-10-06 01:21:00.000000',5,1,7),(2,'제 마음의 힘든 이유에 대해서도 콕 찝어서 분석도 잘해주셔서 저에 대해 돌아보기도 했고, 제가 생각하지 못했던 고민에 대한 대안을 말씀해주셔서 놀랍기도 했어요!','2022-10-04 14:37:00.000000',4,2,7),(3,'선생님이 아니었으면 전 계속 고민하면서 불안해하고 있었을거에요..ㅠㅠ 정말 상담받길 잘했다는 생각이 들었어요!!','2022-10-04 14:38:00.000000',4,3,7),(4,'잘 기다려주시고, 제가 생각하지 못했던 부분들에 대해 돌아보면서 스스로 답을 찾을 수 있도록 도와주셔서 너무 감사했습니다. 선생님과 대화하는 시간은 늘 제게 앞으로 나아갈 수 있는 또 다른 발판을 제공해주는 원동력이였어요.','2022-10-06 00:35:00.000000',3,4,7),(5,'제 문제에 대해서 구체적으로 얘기할 수 있게 잘 유도해주셨고, 문제의 핵심을 파악할 수 있도록 차근차근 대화를 이끌어 나가 주셨어요!','2022-10-04 17:07:00.000000',4,5,7),(6,'적절한 타이밍에 내용 정리도 해주시고, 그러다보니 저 스스로 답을 깨닫게 됐던 것 같습니다! 부정적인 감정으로 고통받는 분들께 본 상담 추천드립니다.','2022-10-05 07:47:00.000000',4,7,7),(7,'제 얘기를 잘 들어주셔서 너무 감사하다는 말을 남기고 싶습니다. 선생님과 얘기를 나누다보면 저도 잘 몰랐거나 잊고있던 제 안의 감정이나 어떤 상태에 대해 알게되고, 그로 인해서 뭔가 엉켜있던 마음이나 고민, 답답했던 부분이 조금씩 풀린다는 느낌을 받았습니다.','2022-10-05 17:55:00.000000',1,6,7),(8,'우리 선생님 정말…. 천년동안 잠겨있던 제 고민들이 거짓말처럼 풀리고, 너무 잘들어주시고 친절하세요ㅠㅠ 고민중이시라면 고민하실 이유가 없어요 정말.!!!','2022-10-01 20:20:00.000000',4,8,7),(9,'제가 이야기를 구체적으로 못하고 빙빙 돌아서하는 경향이 있던 것 같은데… 선생님께서 제 사소한 말을 그냥 지나치지 않고 되물어주셔서 평소 지나치던 제 마음을 조금이나마 알게되었어요. 짧은 상담이었지만 좋은 기억으로 남아주셔서 정말 감사합니다.','2022-10-01 08:20:00.000000',3,33,7),(10,'답답하고 생각이 많아지고 불안해질 때마다 상담을 받고 있는데요. 객관적으로 잘 이야기해주셔서 도움이 많이 됩니다!','2022-10-06 01:21:00.000000',2,25,7),(11,'항상 편하게 대화합니다. 제가 몰랐던 부분을 전문가로서 집어 주실 때 묘한 해소를 많이 경험했습니다. 제 본질적 욕구를 알게 되니까 편해지는 것들이 있네요. 우선 불안 증세는 거의 없어졌고 무기력한 삶에 큰 동력을 받고 있습니다. 감사합니다.','2022-10-06 01:21:00.000000',5,20,7),(12,'제가 우울한건지, 아니 이렇게 힘들어해도 되는지 그럴 자격이 있는건지도 몰랐어요. 제 속안에 담아둔 이야기를 하면서 아 나 힘들었구나 인정하게 되니까 처음으로 소리내서 울게됐어요. 그전엔 소리를 내서 우는게 혼자있어도 눈치가 보여서 가슴이 너무 아프고 울어도 숨이 안쉬어졌는데 이젠 내가 조금은 힘들어도 되는거구나 하고 느끼게됐어요..','2022-09-24 15:40:00.000000',2,16,7),(13,'말 많은 내가 오십분이 어떻게 가는 줄 모르고 떠들고 울고 한탄 하소연만 하다가 농담도 던지고 원래 장난스런 성격대로 하하하 웃고 믿음이 있는 대화를 할 수 있게 되었습니다.','2022-10-01 08:20:00.000000',3,1,19),(14,'제 얘기를 잘 들어주셔서 너무 감사하다는 말을 남기고 싶습니다. 선생님과 얘기를 나누다보면 저도 잘 몰랐거나 잊고있던 제 안의 감정이나 어떤 상태에 대해 알게되고, 그로 인해서 뭔가 엉켜있던 마음이나 고민, 답답했던 부분이 조금씩 풀린다는 느낌을 받았습니다.','2022-09-24 15:40:00.000000',1,3,19),(15,'이전에도 심리 상담을 받은 적이 있지만 항상 신뢰를 갖지 못했는데 선생님이 주시는 안정감과 소소한 안도감 덕에 능력이 된다면 계속 하고 싶은 생각이 듭니다!!','2022-10-01 08:20:00.000000',4,5,19),(16,'적절한 진단, 비어있지 않은 위로, 과분하지 않은 격려 덕에 조금은 편안해져가고 있는 것 같습니다. 희망이 오그라드는 남의 것 같은 생각이 적어졌어요. 좀 상투적으로라도 희망있는 삶을 살아볼까 합니다.','2022-09-29 13:20:00.000000',2,9,19),(17,'제 마음의 힘든 이유에 대해서도 콕 찝어서 분석도 잘해주셔서 저에 대해 돌아보기도 했고, 제가 생각하지 못했던 고민에 대한 대안을 말씀해주셔서 놀랍기도 했어요!','2022-10-06 01:21:00.000000',5,11,19),(18,'잘 기다려주시고, 제가 생각하지 못했던 부분들에 대해 돌아보면서 스스로 답을 찾을 수 있도록 도와주셔서 너무 감사했습니다. 선생님과 대화하는 시간은 늘 제게 앞으로 나아갈 수 있는 또 다른 발판을 제공해주는 원동력이였어요.','2022-09-29 13:20:00.000000',3,12,3),(19,'4회를 만났고, 그때 그때 제 상태나 상담 내용이 조금씩 달라서 들어주시느라 많은 말씀을 해주시지는 않았는데요. 한마디 한마디가 와닿고 곰곰히 생각해볼 여지가 있는 말씀을 해주셔서 좋았어요. 조금 더 상담 진행해보려고 합니다.','2022-10-01 08:20:00.000000',4,13,3),(20,'제가 이야기를 구체적으로 못하고 빙빙 돌아서하는 경향이 있던 것 같은데… 선생님께서 제 사소한 말을 그냥 지나치지 않고 되물어주셔서 평소 지나치던 제 마음을 조금이나마 알게되었어요. 짧은 상담이었지만 좋은 기억으로 남아주셔서 정말 감사합니다.','2022-09-29 13:20:00.000000',1,14,3),(21,'나를 가장 잘 아는 사람은 나인줄 알았습니다. 하지만 아니더라구요. 상담사님과 이야기 나누면서 아 나는 이런 점이 미숙한 사람이였구나 라는걸 뼈저리게 느꼈습니다. 혹시 도움이 또 필요할 때 다시 뵙기를 청할게요!!','2022-09-20 23:30:00.000000',5,15,3),(22,'짧은 상담시간임에도 불구하고 제가 긴 시간동안 갖고있던 고민에 대해 깔끔하게 정리하고 상담해주셨어요. 상담받은 후엔 마음이 훨씬 더 편안해졌어요','2022-09-20 23:30:00.000000',3,16,3),(23,'답답하고 생각이 많아지고 불안해질 때마다 상담을 받고 있는데요. 객관적으로 잘 이야기해주셔서 도움이 많이 됩니다!','2022-10-01 08:20:00.000000',4,17,3),(24,'항상 편하게 대화합니다. 제가 몰랐던 부분을 전문가로서 집어 주실 때 묘한 해소를 많이 경험했습니다. 제 본질적 욕구를 알게 되니까 편해지는 것들이 있네요. 우선 불안 증세는 거의 없어졌고 무기력한 삶에 큰 동력을 받고 있습니다. 감사합니다.','2022-09-29 13:20:00.000000',2,18,14),(25,'선생님이 아니었으면 전 계속 고민하면서 불안해하고 있었을거에요..ㅠㅠ 정말 상담받길 잘했다는 생각이 들었어요!!','2022-10-06 01:21:00.000000',4,13,14),(26,'제 문제는 워낙 골이 깊은 정도여서 치료까진 시간이 걸릴 듯 하지만 상담사님과 함께한 시간동안 많은걸 인지하고, 방법을 고민하고 생각하게되는 시간이었습니다. 스스로 노력해야하는 부분이 많기때문에 방향을 제시해주시는 것만으로도 많은 도움이 되었습니다.','2022-10-04 02:38:00.000000',3,24,14),(27,'잘 기다려주시고, 제가 생각하지 못했던 부분들에 대해 돌아보면서 스스로 답을 찾을 수 있도록 도와주셔서 너무 감사했습니다. 선생님과 대화하는 시간은 늘 제게 앞으로 나아갈 수 있는 또 다른 발판을 제공해주는 원동력이였어요.','2022-09-24 15:40:00.000000',5,34,31),(28,'말 많은 내가 오십분이 어떻게 가는 줄 모르고 떠들고 울고 한탄 하소연만 하다가 농담도 던지고 원래 장난스런 성격대로 하하하 웃고 믿음이 있는 대화를 할 수 있게 되었습니다.','2022-10-01 08:20:00.000000',5,19,31),(29,'선생님이 아니었으면 전 계속 고민하면서 불안해하고 있었을거에요..ㅠㅠ 정말 상담받길 잘했다는 생각이 들었어요!!','2022-09-29 13:20:00.000000',5,26,31),(30,'이전에도 심리 상담을 받은 적이 있지만 항상 신뢰를 갖지 못했는데 선생님이 주시는 안정감과 소소한 안도감 덕에 능력이 된다면 계속 하고 싶은 생각이 듭니다!!','2022-09-24 15:40:00.000000',1,16,31),(31,'제가 우울한건지, 아니 이렇게 힘들어해도 되는지 그럴 자격이 있는건지도 몰랐어요. 제 속안에 담아둔 이야기를 하면서 아 나 힘들었구나 인정하게 되니까 처음으로 소리내서 울게됐어요. 그전엔 소리를 내서 우는게 혼자있어도 눈치가 보여서 가슴이 너무 아프고 울어도 숨이 안쉬어졌는데 이젠 내가 조금은 힘들어도 되는거구나 하고 느끼게됐어요..','2022-10-06 01:21:00.000000',1,24,4),(32,'제 얘기를 잘 들어주셔서 너무 감사하다는 말을 남기고 싶습니다. 선생님과 얘기를 나누다보면 저도 잘 몰랐거나 잊고있던 제 안의 감정이나 어떤 상태에 대해 알게되고, 그로 인해서 뭔가 엉켜있던 마음이나 고민, 답답했던 부분이 조금씩 풀린다는 느낌을 받았습니다.','2022-10-06 01:21:00.000000',5,22,4),(33,'나를 가장 잘 아는 사람은 나인줄 알았습니다. 하지만 아니더라구요. 상담사님과 이야기 나누면서 아 나는 이런 점이 미숙한 사람이였구나 라는걸 뼈저리게 느꼈습니다. 혹시 도움이 또 필요할 때 다시 뵙기를 청할게요!!','2022-10-01 08:20:00.000000',2,31,4),(34,'적절한 진단, 비어있지 않은 위로, 과분하지 않은 격려 덕에 조금은 편안해져가고 있는 것 같습니다. 희망이 오그라드는 남의 것 같은 생각이 적어졌어요. 좀 상투적으로라도 희망있는 삶을 살아볼까 합니다.','2022-10-01 08:20:00.000000',3,30,4),(35,'제가 이야기를 구체적으로 못하고 빙빙 돌아서하는 경향이 있던 것 같은데… 선생님께서 제 사소한 말을 그냥 지나치지 않고 되물어주셔서 평소 지나치던 제 마음을 조금이나마 알게되었어요. 짧은 상담이었지만 좋은 기억으로 남아주셔서 정말 감사합니다.','2022-10-04 02:38:00.000000',5,32,4),(36,'선생님이 아니었으면 전 계속 고민하면서 불안해하고 있었을거에요..ㅠㅠ 정말 상담받길 잘했다는 생각이 들었어요!!','2022-10-04 02:38:00.000000',5,25,4),(37,'잘 기다려주시고, 제가 생각하지 못했던 부분들에 대해 돌아보면서 스스로 답을 찾을 수 있도록 도와주셔서 너무 감사했습니다. 선생님과 대화하는 시간은 늘 제게 앞으로 나아갈 수 있는 또 다른 발판을 제공해주는 원동력이였어요.','2022-10-04 02:38:00.000000',2,28,4),(38,'스스로 합리적인 결론에 도달할 수 있도록 천천히 기다려주시고 서두르지 않으십니다. 인간에 대한 믿음이 넘치는 분이라고 생각이 듭니다. 고맙습니다.','2022-09-29 13:20:00.000000',4,29,4),(39,'이전에도 심리 상담을 받은 적이 있지만 항상 신뢰를 갖지 못했는데 선생님이 주시는 안정감과 소소한 안도감 덕에 능력이 된다면 계속 하고 싶은 생각이 듭니다!!','2022-10-06 01:21:00.000000',4,21,4),(40,'짧은 상담시간임에도 불구하고 제가 긴 시간동안 갖고있던 고민에 대해 깔끔하게 정리하고 상담해주셨어요. 상담받은 후엔 마음이 훨씬 더 편안해졌어요','2022-10-01 08:20:00.000000',2,27,5),(41,'항상 편하게 대화합니다. 제가 몰랐던 부분을 전문가로서 집어 주실 때 묘한 해소를 많이 경험했습니다. 제 본질적 욕구를 알게 되니까 편해지는 것들이 있네요. 우선 불안 증세는 거의 없어졌고 무기력한 삶에 큰 동력을 받고 있습니다. 감사합니다.','2022-09-24 15:40:00.000000',1,26,5),(42,'스스로 합리적인 결론에 도달할 수 있도록 천천히 기다려주시고 서두르지 않으십니다. 인간에 대한 믿음이 넘치는 분이라고 생각이 듭니다. 고맙습니다.','2022-10-04 02:38:00.000000',1,25,5),(43,'잘 기다려주시고, 제가 생각하지 못했던 부분들에 대해 돌아보면서 스스로 답을 찾을 수 있도록 도와주셔서 너무 감사했습니다. 선생님과 대화하는 시간은 늘 제게 앞으로 나아갈 수 있는 또 다른 발판을 제공해주는 원동력이였어요.','2022-09-29 13:20:00.000000',5,24,5),(44,'제 문제는 워낙 골이 깊은 정도여서 치료까진 시간이 걸릴 듯 하지만 상담사님과 함께한 시간동안 많은걸 인지하고, 방법을 고민하고 생각하게되는 시간이었습니다. 스스로 노력해야하는 부분이 많기때문에 방향을 제시해주시는 것만으로도 많은 도움이 되었습니다.','2022-10-04 02:38:00.000000',2,23,5),(45,'답답하고 생각이 많아지고 불안해질 때마다 상담을 받고 있는데요. 객관적으로 잘 이야기해주셔서 도움이 많이 됩니다!','2022-10-06 01:21:00.000000',3,22,5),(46,'제 마음의 힘든 이유에 대해서도 콕 찝어서 분석도 잘해주셔서 저에 대해 돌아보기도 했고, 제가 생각하지 못했던 고민에 대한 대안을 말씀해주셔서 놀랍기도 했어요!','2022-09-29 13:20:00.000000',4,21,5),(47,'제가 우울한건지, 아니 이렇게 힘들어해도 되는지 그럴 자격이 있는건지도 몰랐어요. 제 속안에 담아둔 이야기를 하면서 아 나 힘들었구나 인정하게 되니까 처음으로 소리내서 울게됐어요. 그전엔 소리를 내서 우는게 혼자있어도 눈치가 보여서 가슴이 너무 아프고 울어도 숨이 안쉬어졌는데 이젠 내가 조금은 힘들어도 되는거구나 하고 느끼게됐어요..','2022-10-01 08:20:00.000000',2,20,5),(48,'나를 가장 잘 아는 사람은 나인줄 알았습니다. 하지만 아니더라구요. 상담사님과 이야기 나누면서 아 나는 이런 점이 미숙한 사람이였구나 라는걸 뼈저리게 느꼈습니다. 혹시 도움이 또 필요할 때 다시 뵙기를 청할게요!!','2022-10-06 01:21:00.000000',3,19,6),(49,'제 얘기를 잘 들어주셔서 너무 감사하다는 말을 남기고 싶습니다. 선생님과 얘기를 나누다보면 저도 잘 몰랐거나 잊고있던 제 안의 감정이나 어떤 상태에 대해 알게되고, 그로 인해서 뭔가 엉켜있던 마음이나 고민, 답답했던 부분이 조금씩 풀린다는 느낌을 받았습니다.','2022-09-20 23:30:00.000000',2,20,6),(50,'말 많은 내가 오십분이 어떻게 가는 줄 모르고 떠들고 울고 한탄 하소연만 하다가 농담도 던지고 원래 장난스런 성격대로 하하하 웃고 믿음이 있는 대화를 할 수 있게 되었습니다.','2022-09-20 23:30:00.000000',5,18,6),(51,'이전에도 심리 상담을 받은 적이 있지만 항상 신뢰를 갖지 못했는데 선생님이 주시는 안정감과 소소한 안도감 덕에 능력이 된다면 계속 하고 싶은 생각이 듭니다!!','2022-10-01 08:20:00.000000',5,17,6),(52,'선생님이 아니었으면 전 계속 고민하면서 불안해하고 있었을거에요..ㅠㅠ 정말 상담받길 잘했다는 생각이 들었어요!!','2022-09-29 13:20:00.000000',2,16,6),(53,'4회를 만났고, 그때 그때 제 상태나 상담 내용이 조금씩 달라서 들어주시느라 많은 말씀을 해주시지는 않았는데요. 한마디 한마디가 와닿고 곰곰히 생각해볼 여지가 있는 말씀을 해주셔서 좋았어요. 조금 더 상담 진행해보려고 합니다.','2022-10-04 02:38:00.000000',3,3,9),(54,'잘 기다려주시고, 제가 생각하지 못했던 부분들에 대해 돌아보면서 스스로 답을 찾을 수 있도록 도와주셔서 너무 감사했습니다. 선생님과 대화하는 시간은 늘 제게 앞으로 나아갈 수 있는 또 다른 발판을 제공해주는 원동력이였어요.','2022-09-24 15:40:00.000000',4,2,9),(55,'적절한 진단, 비어있지 않은 위로, 과분하지 않은 격려 덕에 조금은 편안해져가고 있는 것 같습니다. 희망이 오그라드는 남의 것 같은 생각이 적어졌어요. 좀 상투적으로라도 희망있는 삶을 살아볼까 합니다.','2022-09-24 15:40:00.000000',1,5,9),(56,'제가 이야기를 구체적으로 못하고 빙빙 돌아서하는 경향이 있던 것 같은데… 선생님께서 제 사소한 말을 그냥 지나치지 않고 되물어주셔서 평소 지나치던 제 마음을 조금이나마 알게되었어요. 짧은 상담이었지만 좋은 기억으로 남아주셔서 정말 감사합니다.','2022-10-06 01:21:00.000000',1,9,9),(57,'항상 편하게 대화합니다. 제가 몰랐던 부분을 전문가로서 집어 주실 때 묘한 해소를 많이 경험했습니다. 제 본질적 욕구를 알게 되니까 편해지는 것들이 있네요. 우선 불안 증세는 거의 없어졌고 무기력한 삶에 큰 동력을 받고 있습니다. 감사합니다.','2022-10-01 08:20:00.000000',5,6,10),(58,'제 마음의 힘든 이유에 대해서도 콕 찝어서 분석도 잘해주셔서 저에 대해 돌아보기도 했고, 제가 생각하지 못했던 고민에 대한 대안을 말씀해주셔서 놀랍기도 했어요!','2022-10-04 02:38:00.000000',3,3,10),(59,'답답하고 생각이 많아지고 불안해질 때마다 상담을 받고 있는데요. 객관적으로 잘 이야기해주셔서 도움이 많이 됩니다!','2022-10-01 08:20:00.000000',2,26,10),(60,'온라인 상담을 처음 해봤는데 생각보다 너무 뜻깊은 시간이었어요! 사소한 이야기도 들어주시고 고민들을 진지하게 해결해주시려고 노력하시는게 보여서 돈이 전혀 아깝지 않았습니다.','2022-10-06 04:50:49.000000',5,33,19),(61,'dsdf','2022-10-06 07:49:55.011000',4,30,10),(62,'재밌었어요!','2022-10-06 07:53:19.277000',4,9,10),(63,'히히','2022-10-06 08:25:45.504000',4,1,10),(65,'재밌었어요!','2022-10-06 11:56:06.410000',3,2,10),(66,'뜻깊은 시간이었습니다!','2022-10-07 01:21:39.000000',4,20,148),(67,'뜻깊은 시간이었습니다!','2022-10-07 01:22:03.000000',4,20,13),(68,'뜻깊은 시간이었습니다!','2022-10-07 01:33:06.000000',4,20,31),(69,'뜻깊은 시간이었습니다!','2022-10-07 01:33:15.000000',1,16,31),(70,'좋은 상담이었습니다!','2022-10-07 01:50:55.939000',4,6,31);
/*!40000 ALTER TABLE `counselor_review` ENABLE KEYS */;
UNLOCK TABLES;

--
-- Table structure for table `django_admin_log`
--

DROP TABLE IF EXISTS `django_admin_log`;
/*!40101 SET @saved_cs_client     = @@character_set_client */;
/*!50503 SET character_set_client = utf8mb4 */;
CREATE TABLE `django_admin_log` (
  `id` int NOT NULL AUTO_INCREMENT,
  `action_time` datetime(6) NOT NULL,
  `object_id` longtext COLLATE utf8mb4_0900_as_cs,
  `object_repr` varchar(200) COLLATE utf8mb4_0900_as_cs NOT NULL,
  `action_flag` smallint unsigned NOT NULL,
  `change_message` longtext COLLATE utf8mb4_0900_as_cs NOT NULL,
  `content_type_id` int DEFAULT NULL,
  `user_id` int NOT NULL,
  PRIMARY KEY (`id`),
  KEY `django_admin_log_content_type_id_c4bce8eb_fk_django_co` (`content_type_id`),
  KEY `django_admin_log_user_id_c564eba6_fk_auth_user_id` (`user_id`),
  CONSTRAINT `django_admin_log_content_type_id_c4bce8eb_fk_django_co` FOREIGN KEY (`content_type_id`) REFERENCES `django_content_type` (`id`),
  CONSTRAINT `django_admin_log_user_id_c564eba6_fk_auth_user_id` FOREIGN KEY (`user_id`) REFERENCES `auth_user` (`id`),
  CONSTRAINT `django_admin_log_chk_1` CHECK ((`action_flag` >= 0))
) ENGINE=InnoDB DEFAULT CHARSET=utf8mb4 COLLATE=utf8mb4_0900_as_cs;
/*!40101 SET character_set_client = @saved_cs_client */;

--
-- Dumping data for table `django_admin_log`
--

LOCK TABLES `django_admin_log` WRITE;
/*!40000 ALTER TABLE `django_admin_log` DISABLE KEYS */;
/*!40000 ALTER TABLE `django_admin_log` ENABLE KEYS */;
UNLOCK TABLES;

--
-- Table structure for table `django_content_type`
--

DROP TABLE IF EXISTS `django_content_type`;
/*!40101 SET @saved_cs_client     = @@character_set_client */;
/*!50503 SET character_set_client = utf8mb4 */;
CREATE TABLE `django_content_type` (
  `id` int NOT NULL AUTO_INCREMENT,
  `app_label` varchar(100) COLLATE utf8mb4_0900_as_cs NOT NULL,
  `model` varchar(100) COLLATE utf8mb4_0900_as_cs NOT NULL,
  PRIMARY KEY (`id`),
  UNIQUE KEY `django_content_type_app_label_model_76bd3d3b_uniq` (`app_label`,`model`)
) ENGINE=InnoDB AUTO_INCREMENT=22 DEFAULT CHARSET=utf8mb4 COLLATE=utf8mb4_0900_as_cs;
/*!40101 SET character_set_client = @saved_cs_client */;

--
-- Dumping data for table `django_content_type`
--

LOCK TABLES `django_content_type` WRITE;
/*!40000 ALTER TABLE `django_content_type` DISABLE KEYS */;
INSERT INTO `django_content_type` VALUES (1,'admin','logentry'),(3,'auth','group'),(2,'auth','permission'),(4,'auth','user'),(5,'contenttypes','contenttype'),(7,'recom','counsel'),(8,'recom','counselor'),(9,'recom','counselorreview'),(10,'recom','favoritecounselor'),(11,'recom','favoritemusic'),(12,'recom','member'),(13,'recom','membermentalcategory'),(14,'recom','mission'),(15,'recom','music'),(16,'recom','musiccategory'),(17,'recom','musicreview'),(18,'recom','proceedingmission'),(19,'recom','psychologicaltestcategory'),(20,'recom','psychologicaltestquestion'),(21,'recom','psychologicaltestresult'),(6,'sessions','session');
/*!40000 ALTER TABLE `django_content_type` ENABLE KEYS */;
UNLOCK TABLES;

--
-- Table structure for table `django_migrations`
--

DROP TABLE IF EXISTS `django_migrations`;
/*!40101 SET @saved_cs_client     = @@character_set_client */;
/*!50503 SET character_set_client = utf8mb4 */;
CREATE TABLE `django_migrations` (
  `id` bigint NOT NULL AUTO_INCREMENT,
  `app` varchar(255) COLLATE utf8mb4_0900_as_cs NOT NULL,
  `name` varchar(255) COLLATE utf8mb4_0900_as_cs NOT NULL,
  `applied` datetime(6) NOT NULL,
  PRIMARY KEY (`id`)
) ENGINE=InnoDB AUTO_INCREMENT=20 DEFAULT CHARSET=utf8mb4 COLLATE=utf8mb4_0900_as_cs;
/*!40101 SET character_set_client = @saved_cs_client */;

--
-- Dumping data for table `django_migrations`
--

LOCK TABLES `django_migrations` WRITE;
/*!40000 ALTER TABLE `django_migrations` DISABLE KEYS */;
INSERT INTO `django_migrations` VALUES (1,'contenttypes','0001_initial','2022-10-03 09:42:15.002863'),(2,'auth','0001_initial','2022-10-03 09:42:16.051049'),(3,'admin','0001_initial','2022-10-03 09:42:16.320907'),(4,'admin','0002_logentry_remove_auto_add','2022-10-03 09:42:16.349600'),(5,'admin','0003_logentry_add_action_flag_choices','2022-10-03 09:42:16.385239'),(6,'contenttypes','0002_remove_content_type_name','2022-10-03 09:42:16.565061'),(7,'auth','0002_alter_permission_name_max_length','2022-10-03 09:42:16.681367'),(8,'auth','0003_alter_user_email_max_length','2022-10-03 09:42:16.735339'),(9,'auth','0004_alter_user_username_opts','2022-10-03 09:42:16.766648'),(10,'auth','0005_alter_user_last_login_null','2022-10-03 09:42:16.869437'),(11,'auth','0006_require_contenttypes_0002','2022-10-03 09:42:16.889972'),(12,'auth','0007_alter_validators_add_error_messages','2022-10-03 09:42:16.922596'),(13,'auth','0008_alter_user_username_max_length','2022-10-03 09:42:17.036891'),(14,'auth','0009_alter_user_last_name_max_length','2022-10-03 09:42:17.153583'),(15,'auth','0010_alter_group_name_max_length','2022-10-03 09:42:17.205987'),(16,'auth','0011_update_proxy_permissions','2022-10-03 09:42:17.258029'),(17,'auth','0012_alter_user_first_name_max_length','2022-10-03 09:42:17.373999'),(18,'recom','0001_initial','2022-10-03 09:42:17.416147'),(19,'sessions','0001_initial','2022-10-03 09:42:17.531389');
/*!40000 ALTER TABLE `django_migrations` ENABLE KEYS */;
UNLOCK TABLES;

--
-- Table structure for table `django_session`
--

DROP TABLE IF EXISTS `django_session`;
/*!40101 SET @saved_cs_client     = @@character_set_client */;
/*!50503 SET character_set_client = utf8mb4 */;
CREATE TABLE `django_session` (
  `session_key` varchar(40) COLLATE utf8mb4_0900_as_cs NOT NULL,
  `session_data` longtext COLLATE utf8mb4_0900_as_cs NOT NULL,
  `expire_date` datetime(6) NOT NULL,
  PRIMARY KEY (`session_key`),
  KEY `django_session_expire_date_a5c62663` (`expire_date`)
) ENGINE=InnoDB DEFAULT CHARSET=utf8mb4 COLLATE=utf8mb4_0900_as_cs;
/*!40101 SET character_set_client = @saved_cs_client */;

--
-- Dumping data for table `django_session`
--

LOCK TABLES `django_session` WRITE;
/*!40000 ALTER TABLE `django_session` DISABLE KEYS */;
/*!40000 ALTER TABLE `django_session` ENABLE KEYS */;
UNLOCK TABLES;

--
-- Table structure for table `favorite_counselor`
--

DROP TABLE IF EXISTS `favorite_counselor`;
/*!40101 SET @saved_cs_client     = @@character_set_client */;
/*!50503 SET character_set_client = utf8mb4 */;
CREATE TABLE `favorite_counselor` (
  `id` int NOT NULL AUTO_INCREMENT,
  `counselor_id` int DEFAULT NULL,
  `member_id` int DEFAULT NULL,
  PRIMARY KEY (`id`),
  KEY `FKfptjt9fqb3105mf2f6gt9g2mc` (`counselor_id`),
  KEY `FKduo1ngnfhy6x2bq2oviq5nj01` (`member_id`),
  CONSTRAINT `FKduo1ngnfhy6x2bq2oviq5nj01` FOREIGN KEY (`member_id`) REFERENCES `member` (`id`),
  CONSTRAINT `FKfptjt9fqb3105mf2f6gt9g2mc` FOREIGN KEY (`counselor_id`) REFERENCES `counselor` (`id`)
) ENGINE=InnoDB AUTO_INCREMENT=4 DEFAULT CHARSET=utf8mb4 COLLATE=utf8mb4_0900_as_cs;
/*!40101 SET character_set_client = @saved_cs_client */;

--
-- Dumping data for table `favorite_counselor`
--

LOCK TABLES `favorite_counselor` WRITE;
/*!40000 ALTER TABLE `favorite_counselor` DISABLE KEYS */;
/*!40000 ALTER TABLE `favorite_counselor` ENABLE KEYS */;
UNLOCK TABLES;

--
-- Table structure for table `favorite_music`
--

DROP TABLE IF EXISTS `favorite_music`;
/*!40101 SET @saved_cs_client     = @@character_set_client */;
/*!50503 SET character_set_client = utf8mb4 */;
CREATE TABLE `favorite_music` (
  `id` int NOT NULL AUTO_INCREMENT,
  `member_id` int DEFAULT NULL,
  `music_id` int DEFAULT NULL,
  PRIMARY KEY (`id`),
  KEY `FKdrvfuh3di8ungxxt80yuq21gg` (`member_id`),
  KEY `FKn1u0iv07r9vn264toed68pddt` (`music_id`),
  CONSTRAINT `FKdrvfuh3di8ungxxt80yuq21gg` FOREIGN KEY (`member_id`) REFERENCES `member` (`id`),
  CONSTRAINT `FKn1u0iv07r9vn264toed68pddt` FOREIGN KEY (`music_id`) REFERENCES `music` (`id`)
) ENGINE=InnoDB AUTO_INCREMENT=3 DEFAULT CHARSET=utf8mb4 COLLATE=utf8mb4_0900_as_cs;
/*!40101 SET character_set_client = @saved_cs_client */;

--
-- Dumping data for table `favorite_music`
--

LOCK TABLES `favorite_music` WRITE;
/*!40000 ALTER TABLE `favorite_music` DISABLE KEYS */;
/*!40000 ALTER TABLE `favorite_music` ENABLE KEYS */;
UNLOCK TABLES;

--
-- Table structure for table `member`
--

DROP TABLE IF EXISTS `member`;
/*!40101 SET @saved_cs_client     = @@character_set_client */;
/*!50503 SET character_set_client = utf8mb4 */;
CREATE TABLE `member` (
  `id` int NOT NULL AUTO_INCREMENT,
  `age` int DEFAULT NULL,
  `email` varchar(255) COLLATE utf8mb4_0900_as_cs NOT NULL,
  `gender` varchar(255) COLLATE utf8mb4_0900_as_cs DEFAULT NULL,
  `nickname` varchar(255) COLLATE utf8mb4_0900_as_cs NOT NULL,
  `profile_image` int DEFAULT NULL,
  PRIMARY KEY (`id`),
  UNIQUE KEY `UK_mbmcqelty0fbrvxp1q58dn57t` (`email`),
  UNIQUE KEY `UK_hh9kg6jti4n1eoiertn2k6qsc` (`nickname`)
) ENGINE=InnoDB AUTO_INCREMENT=206 DEFAULT CHARSET=utf8mb4 COLLATE=utf8mb4_0900_as_cs;
/*!40101 SET character_set_client = @saved_cs_client */;

--
-- Dumping data for table `member`
--

LOCK TABLES `member` WRITE;
/*!40000 ALTER TABLE `member` DISABLE KEYS */;
INSERT INTO `member` VALUES (1,24,'admin@admin','MALE','admin',1),(3,21,'asdfasdf@asdfasdf.asdf','FEMALE','뭉디',0),(4,22,'test@test.com','MALE','잠이안온다',1),(5,22,'test1@test.com','MALE','배고프닫',0),(6,22,'test2@test.com','MALE','성뀨',0),(7,24,'pzpz@pzpz','FEMALE','프주프주',2),(9,22,'test3@test.com','MALE','오로라',0),(10,20,'doohui96@naver.com','FEMALE','주히',NULL),(13,26,'alexryu1105@naver.com','MALE','응어롱',NULL),(14,23,'test6@test.com','FEMALE','말포이',0),(15,22,'string@test.com','FEMALE','코코',0),(19,24,'851efe@naver.com','FEMALE','바질크림뇨끼',NULL),(25,22,'rkarud1234@naver.com','FEMALE','긱각격',NULL),(31,24,'choijoohee@kakao.com','FEMALE','통통푸딩',NULL),(51,NULL,'tkdwls12602@daum.net','MALE','',NULL),(52,11,'vcv0174@naver.com','MALE','ㅇㅇ',NULL),(78,26,'khlzzang@daum.net','MALE','asdf',NULL),(90,20,'82surf@gmail.com','MALE','asdfasdf',NULL),(105,27,'sgc5531@naver.com','MALE','조성규',NULL),(131,20,'gksekqls9808@naver.com','MALE','ㅎ',NULL),(142,100,'codemj11@gmail.com','MALE','캬우',NULL),(148,18,'crazygun22@nate.com','MALE','최인국',NULL),(179,24,'8518373@naver.com','FEMALE','dpfla',NULL),(189,11,'hjay1029@gmail.com','FEMALE','da',NULL),(199,77,'mon2210@nate.com','FEMALE','해윙',NULL);
/*!40000 ALTER TABLE `member` ENABLE KEYS */;
UNLOCK TABLES;

--
-- Table structure for table `member_mental_category`
--

DROP TABLE IF EXISTS `member_mental_category`;
/*!40101 SET @saved_cs_client     = @@character_set_client */;
/*!50503 SET character_set_client = utf8mb4 */;
CREATE TABLE `member_mental_category` (
  `id` int NOT NULL AUTO_INCREMENT,
  `category` varchar(255) COLLATE utf8mb4_0900_as_cs DEFAULT NULL,
  `member_id` int DEFAULT NULL,
  PRIMARY KEY (`id`),
  KEY `FKbuo9ynqhesyqjsb09eb0cjjq` (`member_id`),
  CONSTRAINT `FKbuo9ynqhesyqjsb09eb0cjjq` FOREIGN KEY (`member_id`) REFERENCES `member` (`id`)
) ENGINE=InnoDB AUTO_INCREMENT=85 DEFAULT CHARSET=utf8mb4 COLLATE=utf8mb4_0900_as_cs;
/*!40101 SET character_set_client = @saved_cs_client */;

--
-- Dumping data for table `member_mental_category`
--

LOCK TABLES `member_mental_category` WRITE;
/*!40000 ALTER TABLE `member_mental_category` DISABLE KEYS */;
INSERT INTO `member_mental_category` VALUES (1,'Lethargy',9),(2,'Anger',9),(3,'Happy',13),(4,'Comfort',14),(5,'Flutter',14),(6,'Sadness',14),(7,'Loss',14),(8,'Melancholy',14),(9,'Lethargy',14),(11,'Annoyed',14),(12,'Discomfort',14),(13,'Comfort',15),(14,'Flutter',15),(15,'Sadness',15),(23,'Melancholy',10),(24,'Melancholy',19),(25,'Loneliness',19),(26,'Anger',19),(27,'Happy',25),(28,'Comfort',25),(29,'Sadness',25),(30,'Happy',31),(31,'Flutter',31),(32,'Melancholy',31),(33,'Loss',31),(34,'Boredom',31),(35,'Loneliness',31),(36,'Lethargy',31),(37,'Comfort',51),(38,'Sadness',51),(39,'Discomfort',51),(44,'Happy',78),(45,'Melancholy',78),(46,'Loss',78),(47,'Boredom',78),(48,'Anger',78),(49,'Annoyed',78),(50,'Discomfort',78),(51,'Loneliness',90),(52,'Lethargy',90),(53,'Anger',90),(54,'Discomfort',90),(55,'Lethargy',105),(59,'Happy',131),(60,'Boredom',131),(61,'Anger',131),(62,'Happy',142),(63,'Comfort',142),(64,'Anger',142),(71,'Comfort',148),(72,'Flutter',148),(73,'Melancholy',148),(74,'Loss',148),(75,'Anger',148),(76,'Annoyed',148),(77,'Happy',179),(78,'Annoyed',179),(82,'Loss',189),(83,'Loneliness',199),(84,'Lethargy',199);
/*!40000 ALTER TABLE `member_mental_category` ENABLE KEYS */;
UNLOCK TABLES;

--
-- Table structure for table `mission`
--

DROP TABLE IF EXISTS `mission`;
/*!40101 SET @saved_cs_client     = @@character_set_client */;
/*!50503 SET character_set_client = utf8mb4 */;
CREATE TABLE `mission` (
  `id` int NOT NULL AUTO_INCREMENT,
  `explanation` varchar(255) COLLATE utf8mb4_0900_as_cs DEFAULT NULL,
  `mission_subject` varchar(255) COLLATE utf8mb4_0900_as_cs DEFAULT NULL,
  `name` varchar(255) COLLATE utf8mb4_0900_as_cs DEFAULT NULL,
  PRIMARY KEY (`id`)
) ENGINE=InnoDB AUTO_INCREMENT=6 DEFAULT CHARSET=utf8mb4 COLLATE=utf8mb4_0900_as_cs;
/*!40101 SET character_set_client = @saved_cs_client */;

--
-- Dumping data for table `mission`
--

LOCK TABLES `mission` WRITE;
/*!40000 ALTER TABLE `mission` DISABLE KEYS */;
INSERT INTO `mission` VALUES (1,'자리에서 기지개를 켜보세요','스트레칭','기지개 켜기'),(2,'길게 천천히 심호흡을 해보세요','명상','길게 심호흡하기'),(3,'따뜻한 차를 마시며 명상을 해보세요','명상','차를 우리며 명상하기'),(4,'오늘 감사한 일들을 일기처럼 적어보세요','일기','감사 일기 쓰기'),(5,'신나는 음악을 들으며 기운내세요','음악','신나는 음악듣기');
/*!40000 ALTER TABLE `mission` ENABLE KEYS */;
UNLOCK TABLES;

--
-- Table structure for table `music`
--

DROP TABLE IF EXISTS `music`;
/*!40101 SET @saved_cs_client     = @@character_set_client */;
/*!50503 SET character_set_client = utf8mb4 */;
CREATE TABLE `music` (
  `id` int NOT NULL AUTO_INCREMENT,
  `name` varchar(255) COLLATE utf8mb4_0900_as_cs DEFAULT NULL,
  `type` varchar(255) COLLATE utf8mb4_0900_as_cs DEFAULT NULL,
  `hits` int DEFAULT '0',
  `thumbnail_url` varchar(1000) COLLATE utf8mb4_0900_as_cs DEFAULT NULL,
  `category_id` int DEFAULT NULL,
  `music_url` varchar(1000) COLLATE utf8mb4_0900_as_cs DEFAULT NULL,
  PRIMARY KEY (`id`),
  KEY `FKdleyd44brmdrlhten3ufibd13` (`category_id`),
  CONSTRAINT `FKdleyd44brmdrlhten3ufibd13` FOREIGN KEY (`category_id`) REFERENCES `music_category` (`id`)
) ENGINE=InnoDB AUTO_INCREMENT=311 DEFAULT CHARSET=utf8mb4 COLLATE=utf8mb4_0900_as_cs;
/*!40101 SET character_set_client = @saved_cs_client */;

--
-- Dumping data for table `music`
--

LOCK TABLES `music` WRITE;
/*!40000 ALTER TABLE `music` DISABLE KEYS */;
INSERT INTO `music` VALUES (1,'잘 자 크룩생크 헤르미온느의 방','SOUND',10,'https://i.pinimg.com/564x/4a/65/b5/4a65b5c9fb61d0fe9ac35cfe1c31f9c4.jpg',8,'https://firebasestorage.googleapis.com/v0/b/hugging-97603.appspot.com/o/Sound%2F1%2F0%2F1-1.mp3?alt=media&token=1398cb29-81c0-400e-bd40-b0b86ddc9b62'),(2,'2020년 과거 인류의 이야기 미래 해저도시·고고학자의 방','SOUND',1,'https://i.pinimg.com/564x/ff/30/ef/ff30efa9981903878d14031b8fbdbba8.jpg',5,'https://firebasestorage.googleapis.com/v0/b/hugging-97603.appspot.com/o/Sound%2F1%2F0%2F1-2.mp3?alt=media&token=34f45b3c-4821-431c-a999-41f5c1e23c79'),(3,'300am 깊은 밤을 날아서 꿈 속의 비행','SOUND',1,'https://i.pinimg.com/736x/63/65/36/63653677a3bf8807f781d623bfab97b2.jpg',5,'https://firebasestorage.googleapis.com/v0/b/hugging-97603.appspot.com/o/Sound%2F1%2F0%2F1-3.mp3?alt=media&token=a3062c64-ae87-4a24-bb07-d1b7c0f2cc16'),(4,'7월 지구별 어딘가에는 크리스마스 선물가게','SOUND',1,'https://i.pinimg.com/564x/4c/15/be/4c15be29015d182b2867ab7fd5e81bb5.jpg',10,'https://firebasestorage.googleapis.com/v0/b/hugging-97603.appspot.com/o/Sound%2F1%2F0%2F1-4.mp3?alt=media&token=934af206-d693-4b4f-b3cf-9b5fa5ee3ea7'),(5,'ASMR Luna Lovegood in the Forbidden','SOUND',0,'https://i.pinimg.com/564x/3b/5e/f0/3b5ef06d67a304e2bfa6765bf5b36a08.jpg',8,'https://firebasestorage.googleapis.com/v0/b/hugging-97603.appspot.com/o/Sound%2F1%2F0%2F1-5.mp3?alt=media&token=0e519e4f-1235-46ae-9325-f52cd85cd04c'),(6,'ASMR (설레는 첫사랑 썰 푸는 곳) 여름 그 자체 이어폰 필수! 대만 영화 청설(聽說)','SOUND',1,'https://i.pinimg.com/564x/30/bf/4f/30bf4ffef3cd4a603d610bf45aa0c8a9.jpg',1,'https://firebasestorage.googleapis.com/v0/b/hugging-97603.appspot.com/o/Sound%2F1%2F0%2F1-6.mp3?alt=media&token=6e071bd9-fab8-47e3-8424-dd871c9b49c7'),(7,'ASMR a Classic Academia Ambience for Ravenclaw w Elegant Classic Music','SOUND',0,'https://i.pinimg.com/564x/cb/53/fe/cb53fee63ed615a7fb35531477e52d75.jpg',8,'https://firebasestorage.googleapis.com/v0/b/hugging-97603.appspot.com/o/Sound%2F1%2F0%2F1-7.mp3?alt=media&token=30a1072b-a649-4c75-97d4-0fd4792d7731'),(8,'ASMR a Dark Academia Ambience for Slytherin w Dark Music','SOUND',0,'https://i.pinimg.com/564x/b9/59/ba/b959baceb4fd06baba470edac6907e01.jpg',8,'https://firebasestorage.googleapis.com/v0/b/hugging-97603.appspot.com/o/Sound%2F1%2F0%2F1-8.mp3?alt=media&token=e37b5fc7-9a84-4a6e-9065-80a64a1f2fdb'),(9,'ASMR a Light Academia Ambience for Griffindor w Bright Classic Music','SOUND',0,'https://i.pinimg.com/564x/c2/d7/fd/c2d7fdf6375d46f7caa0ed4b813c6e96.jpg',8,'https://firebasestorage.googleapis.com/v0/b/hugging-97603.appspot.com/o/Sound%2F1%2F0%2F1-9.mp3?alt=media&token=4c9ceedd-59fa-4394-9793-1a8dd8a26d75'),(10,'ASMR a Romantic Academia Ambience for Hufflepuff w Romantic Classic Music','SOUND',0,'https://i.pinimg.com/564x/2b/3f/96/2b3f96a1a001c7193ab3b370942dab5b.jpg',8,'https://firebasestorage.googleapis.com/v0/b/hugging-97603.appspot.com/o/Sound%2F1%2F1%2F1-10.mp3?alt=media&token=f15651ac-eccf-4566-95b9-978275460718'),(11,'ASMR a Theme Park after Dark Ambience w Magical Music','SOUND',2,'https://i.pinimg.com/564x/a5/29/dd/a529dd4d71a86a01e9e8c8cd21d1d8a6.jpg',12,'https://firebasestorage.googleapis.com/v0/b/hugging-97603.appspot.com/o/Sound%2F1%2F1%2F1-11.mp3?alt=media&token=1db40f35-32cb-40c1-850b-a6877eeb641d'),(12,'ASMR Good Morning Thestrals  Luna Lovegoods Inaudible Whispering','SOUND',0,'https://i.pinimg.com/736x/0b/da/81/0bda8180f9a4c85747f2b5c43df48b73.jpg',8,'https://firebasestorage.googleapis.com/v0/b/hugging-97603.appspot.com/o/Sound%2F1%2F1%2F1-12.mp3?alt=media&token=53799d4a-da4b-4b91-9f8d-89446b49c552'),(13,'ASMR Rainy Cafe de Philosophie Ambience Soft Rain for Relaxation','SOUND',3,'https://i.pinimg.com/564x/85/b9/fe/85b9fee0358a6192b3f0abbc94a17d76.jpg',11,'https://firebasestorage.googleapis.com/v0/b/hugging-97603.appspot.com/o/Sound%2F1%2F1%2F1-13.mp3?alt=media&token=d4bd10e3-288f-4c27-8a9e-3cf354fc3f63'),(14,'ASMR 간절한 소원이라면 무엇이든 신비로운 팅글 가득 소원을 이뤄주는 유리동굴','SOUND',0,'https://i.pinimg.com/564x/ea/17/2a/ea172a39e57136cc2490040cef721191.jpg',5,'https://firebasestorage.googleapis.com/v0/b/hugging-97603.appspot.com/o/Sound%2F1%2F1%2F1-14.mp3?alt=media&token=42a31c46-d7d8-4a2d-91b9-30f62417cedc'),(15,'ASMR 굿즈를 제작하는 낮잠의 작업실 글 모음집 드디어 출시! 로파이 재즈와 빗소리','SOUND',1,'https://i.pinimg.com/564x/2b/22/94/2b2294bf722e50ea2b8daf3dd30330c5.jpg',12,'https://firebasestorage.googleapis.com/v0/b/hugging-97603.appspot.com/o/Sound%2F1%2F1%2F1-15.mp3?alt=media&token=c210391c-6419-4613-b52c-ead887690499'),(16,'ASMR 그 날이 오면은 한(恨)의 강 815 광복절 기념 Ambience','SOUND',0,'https://i.pinimg.com/564x/0b/db/f4/0bdbf4d70729c45334a45b5ed4b2c4d8.jpg',13,'https://firebasestorage.googleapis.com/v0/b/hugging-97603.appspot.com/o/Sound%2F1%2F1%2F1-16.mp3?alt=media&token=77371b4a-767f-407e-88b9-86481d0cbf96'),(17,'ASMR 나는 파리의 고양이로소이다 유쾌한 재즈가 흐르는 밤거리 Ambience','SOUND',1,'https://i.pinimg.com/564x/66/c5/21/66c521df54d212db015ad20639ce11c2.jpg',12,'https://firebasestorage.googleapis.com/v0/b/hugging-97603.appspot.com/o/Sound%2F1%2F1%2F1-17.mp3?alt=media&token=d052ddcb-df26-4f16-87cb-dabce247b129'),(18,'ASMR 너는 나약한 네가 그토록 수치스러운가 푸른 새벽의 순례길 Ambience','SOUND',1,'https://i.pinimg.com/564x/98/9d/f1/989df1536820f4de8b31aa3936eb0f3a.jpg',5,'https://firebasestorage.googleapis.com/v0/b/hugging-97603.appspot.com/o/Sound%2F1%2F1%2F1-18.mp3?alt=media&token=0d4437a4-25ba-404b-9340-751b18cfc768'),(19,'ASMR 네가 공들인 그 시간 공부할 때 들어요 어린왕자의 소행성 B-612 Ambience','SOUND',1,'https://i.pinimg.com/736x/7b/55/27/7b5527ee2f78bf80df0dcb7ce77784e7.jpg',6,'https://firebasestorage.googleapis.com/v0/b/hugging-97603.appspot.com/o/Sound%2F1%2F1%2F1-19.mp3?alt=media&token=78c4a97b-0a4e-4180-a95c-62d80c88e7d3'),(20,'ASMR 네가 너무 참지 않았으면 한다','SOUND',0,'https://i.pinimg.com/564x/2b/22/94/2b2294bf722e50ea2b8daf3dd30330c5.jpg',6,'https://firebasestorage.googleapis.com/v0/b/hugging-97603.appspot.com/o/Sound%2F1%2F2%2F1-20.mp3?alt=media&token=8ed4ff98-9cc0-4de1-803f-1491ed438a55'),(21,'ASMR 드레이코 말포이에 관한 기록','SOUND',0,'https://i.pinimg.com/564x/81/cf/64/81cf647bceb7ed613e2e1ae5641823ae.jpg',8,'https://firebasestorage.googleapis.com/v0/b/hugging-97603.appspot.com/o/Sound%2F1%2F2%2F1-21.mp3?alt=media&token=16af3140-9d26-4736-a86d-c27ead920385'),(22,'ASMR 봄이 오면 대가야로 가자 도하의 기억 속 한리타 낮에 뜨는 달 Ambience','SOUND',1,'https://i.pinimg.com/564x/00/63/ec/0063ec3ad1b6e3bb79ec9e58e3b723b8.jpg',5,'https://firebasestorage.googleapis.com/v0/b/hugging-97603.appspot.com/o/Sound%2F1%2F2%2F1-22.mp3?alt=media&token=d34a0bf9-f244-4b32-bb06-20bbe2af07d8'),(23,'ASMR 상처받은 아이들은 너무 일찍 커버려 도청하며 걷는 지안 (드라마 나의 아저씨)','SOUND',0,'https://i.pinimg.com/564x/47/c9/e7/47c9e7a4ce168b4899846d4ba4ebaaf5.jpg',6,'https://firebasestorage.googleapis.com/v0/b/hugging-97603.appspot.com/o/Sound%2F1%2F2%2F1-23.mp3?alt=media&token=e97a820b-0138-437a-9f99-3b8ee86341aa'),(24,'ASMR 생각에 잠긴 보랏빛 밤 스르르 잠오는 음악과 풀벌레 소리','SOUND',1,'https://i.pinimg.com/474x/0e/9b/ba/0e9bbaea4d859d9c3bee17577b225abf.jpg',3,'https://firebasestorage.googleapis.com/v0/b/hugging-97603.appspot.com/o/Sound%2F1%2F2%2F1-24.mp3?alt=media&token=03040c66-4253-4f79-a199-8fd3756189fc'),(25,'ASMR 아늑하고 고요하며 아름다운 마음이 복잡할 때 들어요','SOUND',1,'https://i.pinimg.com/474x/f3/61/bf/f361bf2fa5b41d75c07663d97381be96.jpg',4,'https://firebasestorage.googleapis.com/v0/b/hugging-97603.appspot.com/o/Sound%2F1%2F2%2F1-25.mp3?alt=media&token=90a1e8ef-72fc-4b6d-a931-154af23c253e'),(26,'ASMR 어서 타시오! 어디까지 가시겠소 덜컹덜컹 나른한 구름그늘마차','SOUND',2,'https://i.pinimg.com/474x/e2/6b/d1/e26bd1f3aad579639cdbb83ff63a455e.jpg',1,'https://firebasestorage.googleapis.com/v0/b/hugging-97603.appspot.com/o/Sound%2F1%2F2%2F1-26.mp3?alt=media&token=b2ea0b57-8762-47ca-b5be-6ca47d77d8f2'),(27,'ASMR 오 휴식이라곤 모르는 내 사랑 재단사의 저택 비 내리는 오후','SOUND',1,'https://i.pinimg.com/474x/b3/02/29/b30229823baa6d89f3d5ddc59e73be91.jpg',4,'https://firebasestorage.googleapis.com/v0/b/hugging-97603.appspot.com/o/Sound%2F1%2F2%2F1-27.mp3?alt=media&token=42b02766-acc8-47d1-82c3-28f4c9a36495'),(28,'ASMR 오-직 반려동물만을 위한 낙원 행복한 무지개다리 호텔','SOUND',0,'https://i.pinimg.com/474x/d8/42/32/d84232138e7356d979a159865d8aa67a.jpg',1,'https://firebasestorage.googleapis.com/v0/b/hugging-97603.appspot.com/o/Sound%2F1%2F2%2F1-28.mp3?alt=media&token=440b9fcc-d5ad-4815-9dc8-a83ca99730ce'),(29,'ASMR 조선을 사랑함은 곧 죽음을 벗삼음이니 아름다운 피아노 선율과 밤의 파도 소리','SOUND',6,'https://i.pinimg.com/474x/23/14/29/231429328b2a4c6bebd5325a13dce8b1.jpg',4,'https://firebasestorage.googleapis.com/v0/b/hugging-97603.appspot.com/o/Sound%2F1%2F2%2F1-29.mp3?alt=media&token=e0a3c474-01f7-4a08-ba80-4127084cd69b'),(30,'ASMR 준비물 투명망토 책 기숙사 잠입단 모집! 5010 호그와트 뽀모도로 공부법','SOUND',0,'https://i.pinimg.com/474x/82/95/00/8295002c5b049027887674c082271440.jpg',8,'https://firebasestorage.googleapis.com/v0/b/hugging-97603.appspot.com/o/Sound%2F1%2F3%2F1-30.mp3?alt=media&token=578a5006-810f-4d40-9e44-df5e8e1fb7aa'),(31,'한 번을 위해 최선을 다할 뿐 로니의 이야기 (쇼팽 왈츠) 빅토리아 시대 안나와 로니 이야기','SOUND',0,'https://i.pinimg.com/474x/2d/85/79/2d857921c3fe95762540a913a7d0ab9b.jpg',5,'https://firebasestorage.googleapis.com/v0/b/hugging-97603.appspot.com/o/Sound%2F1%2F3%2F1-31.mp3?alt=media&token=d9885f3d-3d32-40fa-b247-6052dcd4417b'),(32,'테일즈위버 ASMR ft Second Run','SOUND',0,'https://i.pinimg.com/474x/f5/6a/e8/f56ae834950fc108a3f139718c52bbb3.jpg',6,'https://firebasestorage.googleapis.com/v0/b/hugging-97603.appspot.com/o/Sound%2F1%2F3%2F1-32.mp3?alt=media&token=f8e1c7df-03bb-4529-861d-aa713be314ac'),(33,'Shhhh! 어몽어스 ASMR','SOUND',0,'https://i.pinimg.com/474x/03/bb/a7/03bba7b5a4d397236f5e8c9fd89a7f07.jpg',7,'https://firebasestorage.googleapis.com/v0/b/hugging-97603.appspot.com/o/Sound%2F1%2F3%2F1-33.mp3?alt=media&token=582027ea-d1d6-4020-a434-a1d76c7c8e6f'),(34,'Tempus Omnia Sanat LoFi 골동품 가게 (사이버펑크 2077)','SOUND',0,'https://i.pinimg.com/474x/f7/57/dd/f757dd9bc222678e5f262c6fe754b63d.jpg',6,'https://firebasestorage.googleapis.com/v0/b/hugging-97603.appspot.com/o/Sound%2F1%2F3%2F1-34.mp3?alt=media&token=519cfdc1-29b8-40df-908a-7db617e5aa67'),(35,'나비잠 전용 연구소 공부할 때 듣는 ASMR','SOUND',0,'https://i.pinimg.com/564x/2a/9f/b4/2a9fb40ea7ef37cda084d10f98ca7870.jpg',6,'https://firebasestorage.googleapis.com/v0/b/hugging-97603.appspot.com/o/Sound%2F1%2F3%2F1-35.mp3?alt=media&token=4f5bb26c-238b-424f-a882-5004779a2158'),(36,'‘진짜 나’를 알아주는 사람 타이타닉 잭과 로즈의 테마 ASMR','SOUND',0,'https://i.pinimg.com/474x/e5/83/bb/e583bb99c29f5bc8ffdc0bb05cbf1fbc.jpg',5,'https://firebasestorage.googleapis.com/v0/b/hugging-97603.appspot.com/o/Sound%2F1%2F3%2F1-35.mp3?alt=media&token=4f5bb26c-238b-424f-a882-5004779a2158'),(37,'가끔 우울하기도 하지만 나는 괜찮습니다 바람을 타고 날아요 ASMR','SOUND',0,'https://i.pinimg.com/474x/9a/1f/f6/9a1ff62113d8be49ca4b22bb706dbce8.jpg',12,'https://firebasestorage.googleapis.com/v0/b/hugging-97603.appspot.com/o/Sound%2F1%2F3%2F1-38.mp3?alt=media&token=e3d97502-5931-43ce-baeb-83d018ae7e32'),(38,'가본 적도 없는 곳을 그리워하게 해 중세 판타지 분위기 바람부는 언덕','SOUND',0,'https://i.pinimg.com/474x/77/11/5c/77115cc608d369acffab5a8bab67abed.jpg',1,'https://firebasestorage.googleapis.com/v0/b/hugging-97603.appspot.com/o/Sound%2F1%2F3%2F1-39.mp3?alt=media&token=dd4b4360-57ab-4769-bf92-4075c70c3b22'),(39,'가장 강력한 마법사가 되겠어  톰 리들의 안식처 필요의 방 ASMR','SOUND',0,'https://i.pinimg.com/474x/2d/f3/71/2df3717d125780600a8a9a2bb1ff400b.jpg',8,'https://firebasestorage.googleapis.com/v0/b/hugging-97603.appspot.com/o/Sound%2F1%2F4%2F1-40.mp3?alt=media&token=e6c02a35-94ee-4fd9-b6cc-3f42b53e188d'),(40,'가장 따뜻했던 겨울밤 이야기 크리스마스 마켓 ASMR','SOUND',0,'https://i.pinimg.com/474x/e1/93/8d/e1938de6817aff22070ccf28b9009c4c.jpg',12,'https://firebasestorage.googleapis.com/v0/b/hugging-97603.appspot.com/o/Sound%2F1%2F4%2F1-41.mp3?alt=media&token=244d5602-6f91-4abd-b230-5404aeb42bb8'),(41,'갈 곳이 있지 않아 헤맬 일도 없다 어둡고 안온한 피아노 음악 모음 Ambience','SOUND',0,'https://i.pinimg.com/474x/6e/bc/39/6ebc3962793eb82abb3af58bb384c9b4.jpg',12,'https://firebasestorage.googleapis.com/v0/b/hugging-97603.appspot.com/o/Sound%2F1%2F4%2F1-42.mp3?alt=media&token=4647a7ff-e480-43b1-8bc4-ee78058ef377'),(42,'강제로 노는 것보단 공부가 더 재미있잖아요 헤르미온느의 공부 ASMR','SOUND',0,'https://i.pinimg.com/474x/8c/7e/1a/8c7e1a7dc973086520e6220e330f1976.jpg',8,'https://firebasestorage.googleapis.com/v0/b/hugging-97603.appspot.com/o/Sound%2F1%2F4%2F1-43.mp3?alt=media&token=c488cbfd-f498-4e06-ace8-d0852423e5e4'),(43,'겨울 캠핑 좋아해요 모닥불 주변에서 보내는 낮과 밤 Ambience','SOUND',1,'https://i.pinimg.com/474x/b4/5b/2e/b45b2ec25d882aaacc1f4d2ffbf0573a.jpg',3,'https://firebasestorage.googleapis.com/v0/b/hugging-97603.appspot.com/o/Sound%2F1%2F4%2F1-44.mp3?alt=media&token=7b1635d8-8a37-4e10-9b00-4be413028937'),(44,'고단한 이여 리스본으로 오라 바람부는 바닷가 카페','SOUND',0,'https://i.pinimg.com/474x/75/56/c5/7556c57933c41dbde1acc5f61795e239.jpg',11,'https://firebasestorage.googleapis.com/v0/b/hugging-97603.appspot.com/o/Sound%2F1%2F4%2F1-45.mp3?alt=media&token=c6551d64-b132-49f4-b115-af13d33451ca'),(45,'고맙습니다 이름모를 손님 나비에 황후의 방·재혼황후 ASMR','SOUND',1,'https://i.pinimg.com/474x/fe/29/27/fe2927bb18a1cb1bab1b2857688004cc.jpg',10,'https://firebasestorage.googleapis.com/v0/b/hugging-97603.appspot.com/o/Sound%2F1%2F4%2F1-46.mp3?alt=media&token=a957436d-84b9-4eff-b200-d2cd94a60599'),(46,'고양이 때문에 낚시를 못하겠다 haha ha님 댁의 동물 친구들 고양이와 함께하는 ASMR','SOUND',0,'https://i.pinimg.com/474x/e5/5e/00/e55e001af0ffa7aad7c5236d973503b7.jpg',10,'https://firebasestorage.googleapis.com/v0/b/hugging-97603.appspot.com/o/Sound%2F1%2F4%2F1-47.mp3?alt=media&token=c62db42d-f24a-4e6f-835b-5bd00780f21a'),(47,'고요와 적막이 반기는 방 나무 칼자루를 깎는 엘리 ASMR (라스트 오브 어스2)','SOUND',0,'https://w.namu.la/s/9d3b8ad202aa12a2834d0ad69d358e1d85b91a004d319c6c05a5169b42c0916a0e95eb724b8a5340db651e63e67f389b8b7cf59c35db47f8d303c3db71aed75376ee784a100fa55f9edf6b8b1a675a817a99b88f654f9fcb8ddfbc86fcf3bad1',6,'https://firebasestorage.googleapis.com/v0/b/hugging-97603.appspot.com/o/Sound%2F2%2F0%2F2-1.mp3?alt=media&token=048532b5-e253-4727-b0b2-cf903384d176'),(48,'괜찮아 각오한 일이야 구름 속 티타임 폭닥폭닥 카페 공부할 때 듣는 ASMR','SOUND',0,'https://rimage.gnst.jp/livejapan.com/public/article/detail/a/10/00/a1000424/img/ko/a1000424_parts_611cb13781634.jpg?20210818154638&q=80&rw=686&rh=490\n',11,'https://firebasestorage.googleapis.com/v0/b/hugging-97603.appspot.com/o/Sound%2F2%2F0%2F2-2.mp3?alt=media&token=17439463-361b-4b0a-a6df-4e720cbc7355'),(49,'괜찮아 다 잘 될 거야 인사이드 아웃 밝고 따뜻한 분위기의 Ambience','SOUND',0,'https://i.pinimg.com/564x/d7/d2/d8/d7d2d8f94d49767d39678baea645a9c3.jpg',9,'https://firebasestorage.googleapis.com/v0/b/hugging-97603.appspot.com/o/Sound%2F2%2F0%2F2-3.mp3?alt=media&token=6bf2c792-a650-41d4-9f59-d9a016f860c4'),(50,'괜찮아 함께할게 송하나 그리고 디바(D.Va) (오버워치)','SOUND',1,'http://ojsfile.ohmynews.com/PHT_IMG_FILE/2016/1230/IE002075743_PHT.jpg',7,'https://firebasestorage.googleapis.com/v0/b/hugging-97603.appspot.com/o/Sound%2F2%2F0%2F2-4.mp3?alt=media&token=d639948b-6d3c-4663-99cf-f4262a29a25c'),(51,'괜찮아요 물지 않아요 뉴트 스캐맨더의 가방 (신비한 동물사전)','SOUND',1,'https://upload.wikimedia.org/wikipedia/ko/a/a6/%EC%8B%A0%EB%B9%84%ED%95%9C_%EB%8F%99%EB%AC%BC%EC%82%AC%EC%A0%84.jpg',9,'https://firebasestorage.googleapis.com/v0/b/hugging-97603.appspot.com/o/Sound%2F2%2F0%2F2-5.mp3?alt=media&token=bcb9e3e0-c05c-41fc-9966-a33e8999d49d'),(52,'그 대나무숲엔 전설이 있어  바람을 타고 들려오는 이야기','SOUND',1,'https://encrypted-tbn0.gstatic.com/images?q=tbn:ANd9GcQGf1DRq7QOiIE4lL1uiuZYTy0pwzzY-XA0cQ&usqp=CAU',3,'https://firebasestorage.googleapis.com/v0/b/hugging-97603.appspot.com/o/Sound%2F2%2F0%2F2-6.mp3?alt=media&token=d775a455-6bd8-4c68-8b66-c52ba7c3050b'),(53,'그 시절 우리가 좋아했던 분위기 여름방학 2탄','SOUND',0,'https://i.pinimg.com/564x/75/0e/a4/750ea41b132b72b0d83983975fb225e6.jpg',10,'https://firebasestorage.googleapis.com/v0/b/hugging-97603.appspot.com/o/Sound%2F2%2F0%2F2-7.mp3?alt=media&token=45bbc1ff-fae5-4629-886e-0854f5f52e34'),(54,'그 호수의 비밀 잘 때 들어요 숲속 텐트 안 빗소리','SOUND',0,'https://i.pinimg.com/564x/11/1c/5f/111c5fd13084912fc37ad3705e642127.jpg',3,'https://firebasestorage.googleapis.com/v0/b/hugging-97603.appspot.com/o/Sound%2F2%2F0%2F2-8.mp3?alt=media&token=e521d977-00f9-4f5b-b62b-41c0562a2695'),(55,'그가 부담감을 대하는 방법 시간을 쪼개 공부하는 유재석님 ASMR Ambience','SOUND',0,'https://archivenew.vop.co.kr/images/44427001ad9d05c20083f62c39b90756/2020-03/marked/05044221_21.jpg',5,'https://firebasestorage.googleapis.com/v0/b/hugging-97603.appspot.com/o/Sound%2F2%2F0%2F2-9.mp3?alt=media&token=430715ce-9548-4a92-b14f-1362a7cbb8d4'),(56,'그날의 너는 그 순간 뿐이잖아 빗소리 ASMR','SOUND',0,'https://i1.sndcdn.com/artworks-WKwAz2GKSCGqikM7-irEIrQ-t500x500.jpg',1,'https://firebasestorage.googleapis.com/v0/b/hugging-97603.appspot.com/o/Sound%2F2%2F1%2F2-10.mp3?alt=media&token=a4fd25d6-82b0-4bfc-b60a-f4cde2324e64'),(57,'그대 리에타 킬리언과 리에타의 밤 마른 가지에 바람처럼(네이버웹툰) Ambience','SOUND',0,'https://i.pinimg.com/564x/e4/f8/fb/e4f8fb7a772f62d14bd276bd535dcf48.jpg',10,'https://firebasestorage.googleapis.com/v0/b/hugging-97603.appspot.com/o/Sound%2F2%2F1%2F2-11.mp3?alt=media&token=68f1514d-50f7-469d-8abe-a0d2677fca38'),(58,'그대의 자질은 아름답다 세종대왕과 집현전 학자들','SOUND',2,'https://mblogthumb-phinf.pstatic.net/20151014_268/gjcityi_144479709172720Ta2_JPEG/%C1%FD%C7%F6%C0%FC%C7%D0%BB%E7%B5%B5_%281%29.jpg?type=w2',13,'https://firebasestorage.googleapis.com/v0/b/hugging-97603.appspot.com/o/Sound%2F2%2F1%2F2-12.mp3?alt=media&token=287396e2-e1be-4074-99f5-27764421f063'),(59,'그댄 이미 나아가고 있소 미스터 션샤인 Ambience','SOUND',0,'https://i.pinimg.com/564x/a9/2c/56/a92c5637be39422db5fbfd80314054b5.jpg',9,'https://firebasestorage.googleapis.com/v0/b/hugging-97603.appspot.com/o/Sound%2F2%2F1%2F2-13.mp3?alt=media&token=5ab1d968-fbc9-4e33-8531-25e962bebae7'),(60,'그루트 제발 좀! 게임에 열중한 사춘기 그루트 Ambience','SOUND',0,'https://m.volcanoshop.net/web/product/big/201805/4057_shop1_177562.jpg',9,'https://firebasestorage.googleapis.com/v0/b/hugging-97603.appspot.com/o/Sound%2F2%2F1%2F2-14.mp3?alt=media&token=0210fb01-eb0c-4a1f-9dfc-94272669beeb'),(61,'그림자향 커피와 갓 구운 포그 크루아상 안개 속 달빛서점 Ambience','SOUND',0,'https://i.ytimg.com/vi/kA2fN-JS9Eg/maxresdefault.jpg',11,'https://firebasestorage.googleapis.com/v0/b/hugging-97603.appspot.com/o/Sound%2F2%2F1%2F2-15.mp3?alt=media&token=249f7df5-db31-4e25-98b3-a0793768640b'),(62,'글을 쓰는 건 어색한 일이 아니다 나비잠 ‘에이드레몬’님의 이야기 Ambience','SOUND',0,'https://cdn.ppomppu.co.kr/zboard/data3/2018/0919/20180919105341_ymtspovp.jpg',6,'https://firebasestorage.googleapis.com/v0/b/hugging-97603.appspot.com/o/Sound%2F2%2F1%2F2-16.mp3?alt=media&token=dc471b1c-6717-4380-8945-5ffb6d7ce085'),(63,'까만 단추가 무난하겠어 기묘한 팅글 가득 바느질 소리 코렐라인 Ambience','SOUND',0,'https://i.pinimg.com/564x/96/13/ea/9613eadb4ce412b61b576b3ebe59ef82.jpg',10,'https://firebasestorage.googleapis.com/v0/b/hugging-97603.appspot.com/o/Sound%2F2%2F1%2F2-17.mp3?alt=media&token=eb64bea7-b383-489b-ad25-3a0391afc46e'),(64,'꿈과 불안에 대하여 재즈 카페 앞 낭만적인 밤바다 (라라랜드 테마 ASMR)','SOUND',0,'https://post-phinf.pstatic.net/MjAxNzAyMDhfMTg1/MDAxNDg2NTQyNzkwNzE1.w2Sw_Y7k1CGJiMWbpn5jtXpw9F6MF708hz_wqeQoDdQg.svM0xpac72XNtU8jN_u8VnAnqzKSWRT4gcj2e9JoPa0g.JPEG/%ED%98%B8%EB%AA%A8%EC%82%AC_%EC%B0%BE%EC%95%98%EB%8B%A4.jpg?type=w1200',9,'https://firebasestorage.googleapis.com/v0/b/hugging-97603.appspot.com/o/Sound%2F2%2F1%2F2-18.mp3?alt=media&token=56b76767-824f-4e69-8172-9057f30e1c6a'),(65,'꿈과 정적 속으로 가라앉은 채 역대급 포근한 벽난로 소리 Ambience','SOUND',0,'https://i.pinimg.com/564x/2d/71/4b/2d714b9fba934ec336dce27b07a2ab44.jpg',10,'https://firebasestorage.googleapis.com/v0/b/hugging-97603.appspot.com/o/Sound%2F2%2F1%2F2-19.mp3?alt=media&token=fc4df647-dd2a-4606-811c-86fbc3806f45'),(66,'끝없이 펼쳐진 얼음 호수 동양마법학교 현무성 편 동양풍 판타지 Ambience','SOUND',0,'https://p4.wallpaperbetter.com/wallpaper/357/418/407/oriental-asian-architecture-fantasy-art-wallpaper-preview.jpg',10,'https://firebasestorage.googleapis.com/v0/b/hugging-97603.appspot.com/o/Sound%2F2%2F2%2F2-20.mp3?alt=media&token=505bf98d-d15d-4da6-a68a-a97f42d230f8'),(67,'나 자신에게 건네는 위로 조용한 욕조 안 잠이 오지 않는 밤 Ambience','SOUND',1,'https://i.pinimg.com/736x/8d/38/8e/8d388ec895a9929a0ffdc5993ae97861.jpg',4,'https://firebasestorage.googleapis.com/v0/b/hugging-97603.appspot.com/o/Sound%2F2%2F2%2F2-21.mp3?alt=media&token=e4c3788b-27b1-47da-953f-43d4ae453ad5'),(68,'나는 기꺼이 내일을 마주할 것이다 마법의 물약 ASMR Ambience','SOUND',0,'https://dispatch.cdnser.be/cms-content/uploads/2020/01/18/0269de4f-0919-4a2a-bf7c-7362ce914688.jpg',5,'https://firebasestorage.googleapis.com/v0/b/hugging-97603.appspot.com/o/Sound%2F2%2F2%2F2-22.mp3?alt=media&token=b4d45dee-5a1d-4313-b68b-3c4d00270a15'),(69,'나는 내 길을 알아! 시련의 바다를 항해하는 모아나 ASMR Ambience','SOUND',0,'https://i.pinimg.com/564x/89/2f/ea/892fea39fbfe0fc1931e203cd083c722.jpg',9,'https://firebasestorage.googleapis.com/v0/b/hugging-97603.appspot.com/o/Sound%2F2%2F2%2F2-23.mp3?alt=media&token=47f05973-16f3-4bce-8864-b5422a108ae6'),(70,'나는 지금 인간으로 죽는가 아름답고 어두운 음악 로스트아크 OST','SOUND',0,'https://i.pinimg.com/564x/d5/16/f2/d516f25e1b7376cfdeeedabad8a3d396.jpg',7,'https://firebasestorage.googleapis.com/v0/b/hugging-97603.appspot.com/o/Sound%2F2%2F2%2F2-24.mp3?alt=media&token=351363f0-127f-499f-bc54-4c51761d9cea'),(71,'나도 그 자리에 있었는데 소외감에 관한 이야기 Ambience','SOUND',0,'https://i.pinimg.com/736x/a2/dc/81/a2dc8184efee156804cc8f73cb5b2ccc.jpg',10,'https://firebasestorage.googleapis.com/v0/b/hugging-97603.appspot.com/o/Sound%2F2%2F2%2F2-25.mp3?alt=media&token=ba4a77fa-6d5c-4bce-9c83-4e7421ceeddc'),(72,'나란히 나른히 앉아 불안을 잠재우는 가시정원 ASMR','SOUND',0,'https://i.pinimg.com/564x/1a/12/57/1a125787297b4e8be28d566e536d6f34.jpg',5,'https://firebasestorage.googleapis.com/v0/b/hugging-97603.appspot.com/o/Sound%2F2%2F2%2F2-26.mp3?alt=media&token=3437f238-987f-49a1-bba3-b3d818db2207'),(73,'나른한 꿈속 여행 공부할 때 잠잘 때 듣기 좋은 피아노 음악','SOUND',0,'https://i.pinimg.com/564x/92/13/c7/9213c754c7685be2342e416a2327b340.jpg',10,'https://firebasestorage.googleapis.com/v0/b/hugging-97603.appspot.com/o/Sound%2F2%2F2%2F2-27.mp3?alt=media&token=de54e801-cb1a-40f9-9eed-4a84f1880709'),(74,'나만의 사소한 강점에 집중하는 거야 네빌의 약초학 공부 Ambience','SOUND',0,'https://i.pinimg.com/564x/2e/33/d4/2e33d4d47ea06d6d1d4a38032795261e.jpg',8,'https://firebasestorage.googleapis.com/v0/b/hugging-97603.appspot.com/o/Sound%2F2%2F2%2F2-28.mp3?alt=media&token=97b55c9c-742c-4764-af4f-bd5e1f01caf9'),(75,'나비잠을 위한 초대장 한낮의 여우비 Sun Shower ASMR Ambience','SOUND',0,'https://encrypted-tbn0.gstatic.com/images?q=tbn:ANd9GcRnjGUe1WFGFXKlxzhZTgWCHrnDETEWQDUx_Q&usqp=CAU',5,'https://firebasestorage.googleapis.com/v0/b/hugging-97603.appspot.com/o/Sound%2F2%2F2%2F2-29.mp3?alt=media&token=19ab1fee-2323-434d-94ec-08a0d3dac681'),(76,'나의 대책없는 꿈에게 길을 잃었을 때 들어요 낮은 싱잉볼 + 풀벌레 소리 Ambience','SOUND',0,'https://cdn.crowdpic.net/detail-thumb/thumb_d_9B69528DF9A68C82020A0C481E423056.jpg',1,'https://firebasestorage.googleapis.com/v0/b/hugging-97603.appspot.com/o/Sound%2F2%2F3%2F2-30.mp3?alt=media&token=4a98d20d-cfe9-4048-a23a-7fc5443ef928'),(77,'나짬이 상수리나무 아래 읽으면서 들으려고 만든 플레이리스트 Ambience (Non-ASMR)','SOUND',0,'https://i.pinimg.com/564x/f8/fe/5b/f8fe5bab8bed1a198fde0a9da8121602.jpg',10,'https://firebasestorage.googleapis.com/v0/b/hugging-97603.appspot.com/o/Sound%2F2%2F3%2F2-31.mp3?alt=media&token=71b25f00-8f2e-4382-a32d-e49875ecdc86'),(78,'난 친구같은 거 없어 고독한 셜록의 방 ASMR','SOUND',0,'http://image.aladin.co.kr/Community/mypaper/pimg_791726164347945.jpg',9,'https://firebasestorage.googleapis.com/v0/b/hugging-97603.appspot.com/o/Sound%2F2%2F3%2F2-32.mp3?alt=media&token=c5e47f2c-fd9b-4b79-aa33-9bb301938211'),(79,'낮잠이 솔솔 오는 나른한 오후 효리네 민박 몽글몽글 나른나른 바람부는 제주에서 쉬어가는','SOUND',0,'https://fs.jtbc.co.kr/prog/enter/hyolee/Img/site/Main/20170925_173706_1922(0).jpg',3,'https://firebasestorage.googleapis.com/v0/b/hugging-97603.appspot.com/o/Sound%2F2%2F3%2F2-33.mp3?alt=media&token=4f96b0cc-4002-4745-b288-443fd89681cf'),(80,'내 모습 그대로의 나 위대한 쇼맨 무대 준비 ASMR Ambience','SOUND',0,'https://t1.daumcdn.net/cfile/tistory/993FA7405A4303B532',9,'https://firebasestorage.googleapis.com/v0/b/hugging-97603.appspot.com/o/Sound%2F2%2F3%2F2-34.mp3?alt=media&token=9b6c6fb4-db7d-4ccc-81ec-28ee1a093387'),(81,'내 비평가들은 대체로 명이 짧지 잔혹극의 거장 진 ASMR','SOUND',0,'https://i.pinimg.com/564x/39/4b/1d/394b1deb184082338bf4973b45105923.jpg',7,'https://firebasestorage.googleapis.com/v0/b/hugging-97603.appspot.com/o/Sound%2F2%2F3%2F2-35.mp3?alt=media&token=85acdd63-1dad-4a44-afa5-d3d8119c0f7b'),(82,'내가 거품목욕을 하는 이유wav 아련히 울리는 드뷔시 음악들과 보글보글 거품소리','SOUND',0,'https://i.pinimg.com/564x/ec/e8/54/ece8540bf918b83eaf2b3351e5c8064d.jpg',5,'https://firebasestorage.googleapis.com/v0/b/hugging-97603.appspot.com/o/Sound%2F2%2F3%2F2-36.mp3?alt=media&token=1fbd1836-38ae-4440-a7ba-943a6757082'),(83,'내가 나인 게 싫은 날 마법의 찻집 ASMR 지친 마음을 달래는 Magic Shop (by BTS) Ambience','SOUND',0,'https://encrypted-tbn0.gstatic.com/images?q=tbn:ANd9GcS1hvuRW1s8UZL5w1jgnOb5alMFYz86FyfQMw&usqp=CAU',11,'https://firebasestorage.googleapis.com/v0/b/hugging-97603.appspot.com/o/Sound%2F2%2F3%2F2-37.mp3?alt=media&token=ea7a3c01-6d58-4af1-9f51-52d77286e50f'),(84,'내가 한겨울에도 입수하는 이유.mp3 바닷속 피아노 ASMR','SOUND',0,'https://firebasestorage.googleapis.com/v0/b/hugging-97603.appspot.com/o/Sound%2F2%2F1383316999559_jason-decaires-taylor-underwater-sculpture-4%20(2).jpg?alt=media&token=b2bfe4bb-4e0a-41fd-b5c9-da646e529a05',4,'https://firebasestorage.googleapis.com/v0/b/hugging-97603.appspot.com/o/Sound%2F2%2F3%2F2-38.mp3?alt=media&token=344f2561-1cdb-47e7-bbfe-d500d11fe77a'),(85,'너는 따뜻하고 다정한 사람이야 영우가 지하철에서 안정을 찾는 방법','SOUND',0,'https://photo.coolenjoy.co.kr/data/editor/2208/thumb-949981bd184fcb7776b734f9edf9115e8ff441d7.jpg',5,'https://firebasestorage.googleapis.com/v0/b/hugging-97603.appspot.com/o/Sound%2F2%2F3%2F2-39.mp3?alt=media&token=68b1e5b5-f61d-4b2a-897d-c64668b2ba80'),(86,'너는 소중한 사람이야 오후 네 시 안나의 티타임','SOUND',0,'https://i.pinimg.com/736x/27/a5/38/27a538bd4413b4ba4391cbd97e0f5365.jpg',11,'https://firebasestorage.googleapis.com/v0/b/hugging-97603.appspot.com/o/Sound%2F2%2F4%2F2-40.mp3?alt=media&token=85fd0de0-c33c-4587-adda-85bfc8101fa4'),(87,'너를 증명해 보이거라 중세시대 공주의 공부법 ASMR','SOUND',0,'https://i.pinimg.com/564x/9c/25/bc/9c25bc256bd95aff2685b54b8dc67beb.jpg',6,'https://firebasestorage.googleapis.com/v0/b/hugging-97603.appspot.com/o/Sound%2F2%2F4%2F2-41.mp3?alt=media&token=005a0dfc-76f9-4682-add9-ca6b331c1e92'),(88,'넌 나만큼 제정신이야 루나 러브굿의 새벽 공부 Ambience','SOUND',0,'https://i.pinimg.com/564x/a9/8e/e3/a98ee393ff8eaa0ed2ff289acd80e266.jpg',8,'https://firebasestorage.googleapis.com/v0/b/hugging-97603.appspot.com/o/Sound%2F2%2F4%2F2-42.mp3?alt=media&token=054fb341-72a0-469a-a341-5988b1008301'),(89,'넌 지금 잘하고 있어! 가슴이 뻥 뚫리는 시원함 구름 위를 달리는 바람소리 ASMR Ambience','SOUND',0,'https://i.pinimg.com/564x/ce/40/c0/ce40c0fa0c74e6adcc72e5c919598a41.jpg',1,'https://firebasestorage.googleapis.com/v0/b/hugging-97603.appspot.com/o/Sound%2F2%2F4%2F2-43.mp3?alt=media&token=efbc4ab8-3f21-4a9b-9952-0154a69df48f'),(90,'눈이 펄펄 내리는 겨울날 소년의 묵상 ASMR 공부할 때 듣는 평화로운 Ambience','SOUND',0,'https://i.pinimg.com/564x/ed/cb/08/edcb083c0bccad27dca2038a8d6ed7a0.jpg',6,'https://firebasestorage.googleapis.com/v0/b/hugging-97603.appspot.com/o/Sound%2F2%2F4%2F2-44.mp3?alt=media&token=8ea5025f-802f-4afe-9959-c4f6abfbf887'),(91,'늘 그랬듯이 앞으로도 계속 성당 주변의 가을 산책 평화로운 Ambience','SOUND',0,'https://i.pinimg.com/736x/00/9d/8d/009d8d88d0d7cd76f94108df9639b6d1.jpg',1,'https://firebasestorage.googleapis.com/v0/b/hugging-97603.appspot.com/o/Sound%2F2%2F4%2F2-45.mp3?alt=media&token=1b77b0a4-f8bb-48c5-8fa6-6067d3738c41'),(92,'다 괜찮아질 거야 바보야 해질녘 편지를 쓰는 로니Ambience','SOUND',0,'https://i.pinimg.com/564x/30/ac/ee/30acee32440ded45d8b70da5af27602b.jpg',6,'https://firebasestorage.googleapis.com/v0/b/hugging-97603.appspot.com/o/Sound%2F2%2F4%2F2-46.mp3?alt=media&token=a2936552-3a17-4539-8f67-d86286722704'),(93,'다들 자 난 끝까지 공부할 거니까 말포이의 공부 ASMR','SOUND',0,'https://i.pinimg.com/564x/30/ac/ee/30acee32440ded45d8b70da5af27602b.jpg',8,'https://firebasestorage.googleapis.com/v0/b/hugging-97603.appspot.com/o/Sound%2F2%2F4%2F2-47.mp3?alt=media&token=e464d927-0768-4796-bb11-53b5644374e1'),(94,'달을 보기 전에는 달이 존재하지 않는 것인가 우주와 양자역학 Ambience','SOUND',0,'https://i.pinimg.com/564x/4a/65/b5/4a65b5c9fb61d0fe9ac35cfe1c31f9c4.jpg',10,'https://firebasestorage.googleapis.com/v0/b/hugging-97603.appspot.com/o/Sound%2F3%2F3-1.mp3?alt=media&token=dd4bb3c6-e7b1-4a87-b535-4e918095196e'),(95,'달조차 이따금 깊은 잠수를 택했다 이젠 정말 자야되는데 싶을 때 듣는 잠들기 좋은 Ambience','SOUND',0,'https://i.pinimg.com/564x/ff/30/ef/ff30efa9981903878d14031b8fbdbba8.jpg',10,'https://firebasestorage.googleapis.com/v0/b/hugging-97603.appspot.com/o/Sound%2F3%2F3-2.mp3?alt=media&token=168489aa-09ef-4256-a10c-0db7a1390eae'),(96,'달콤한 와인을 끓여올게요 중세 판타지 Ambience','SOUND',0,'https://i.pinimg.com/736x/63/65/36/63653677a3bf8807f781d623bfab97b2.jpg',1,'https://firebasestorage.googleapis.com/v0/b/hugging-97603.appspot.com/o/Sound%2F3%2F3-3.mp3?alt=media&token=342daff7-931a-4477-9e0f-be3ca2842cbf'),(97,'달팽이관으로 즐기는 여름밤 산책 여름밤 도로소음 Ambience AMSR','SOUND',0,'https://i.pinimg.com/564x/4c/15/be/4c15be29015d182b2867ab7fd5e81bb5.jpg',5,'https://firebasestorage.googleapis.com/v0/b/hugging-97603.appspot.com/o/Sound%2F3%2F3-4.mp3?alt=media&token=0029af48-6661-4066-ac5b-4a176e28e3ce'),(98,'당신 돈이 궁하지 중세 판타지 속으로 3 잡화점의 비밀 ASMR 낮잠 판타지 Ambience','SOUND',0,'https://i.pinimg.com/564x/3b/5e/f0/3b5ef06d67a304e2bfa6765bf5b36a08.jpg',13,'https://firebasestorage.googleapis.com/v0/b/hugging-97603.appspot.com/o/Sound%2F3%2F3-5.mp3?alt=media&token=d50f0275-dbf7-4a40-8bb6-e0d13544f8b9'),(99,'당신은 의지로 가득 찼다 토리엘의 벽난로 ASMR 언더테일 OST + 모닥불 백색소음','SOUND',0,'https://i.pinimg.com/564x/30/bf/4f/30bf4ffef3cd4a603d610bf45aa0c8a9.jpg',7,'https://firebasestorage.googleapis.com/v0/b/hugging-97603.appspot.com/o/Sound%2F3%2F3-6.mp3?alt=media&token=2b2f2c63-5223-4b4e-8ebd-0ea12dea8444'),(100,'당신의 우주는 안녕합니까 수면을 위한 Ambience 음악 우주를 유영하듯 깊게 잠드는 ASMR','SOUND',0,'https://i.pinimg.com/564x/cb/53/fe/cb53fee63ed615a7fb35531477e52d75.jpg',5,'https://firebasestorage.googleapis.com/v0/b/hugging-97603.appspot.com/o/Sound%2F3%2F3-7.mp3?alt=media&token=f7d59726-6588-48be-87f1-4368be820c82'),(101,'덜컹거리는 마차 안 깊은 밤 중세 판타지 ASMR 공부할 때 듣기 좋은 판타지 Ambience·백색소음','SOUND',0,'https://i.pinimg.com/564x/b9/59/ba/b959baceb4fd06baba470edac6907e01.jpg',13,'https://firebasestorage.googleapis.com/v0/b/hugging-97603.appspot.com/o/Sound%2F3%2F3-8.mp3?alt=media&token=bc3c34a1-d674-41ca-8060-077e043e2fde'),(102,'덜컹덜컹 느긋하게 자기 전에 듣기 좋은 ASMR 지하철 백색소음 Ambience','SOUND',0,'https://i.pinimg.com/564x/c2/d7/fd/c2d7fdf6375d46f7caa0ed4b813c6e96.jpg',10,'https://firebasestorage.googleapis.com/v0/b/hugging-97603.appspot.com/o/Sound%2F3%2F3-9.mp3?alt=media&token=cb73da0a-08f1-4986-90b3-120a127d6a4c'),(103,'도망쳐 온 일주일 잘 때 들어요 눈보라 속 아늑한 통나무집 ASMR Ambience','SOUND',0,'https://i.pinimg.com/564x/2b/3f/96/2b3f96a1a001c7193ab3b370942dab5b.jpg',10,'https://firebasestorage.googleapis.com/v0/b/hugging-97603.appspot.com/o/Sound%2F3%2F3-10.mp3?alt=media&token=80487315-0ee5-48ff-934e-0795f6cd1848'),(104,'도비는 자유에요! 한밤중의 호그와트 주방 ASMR','SOUND',0,'https://i.pinimg.com/564x/a5/29/dd/a529dd4d71a86a01e9e8c8cd21d1d8a6.jpg',8,'https://firebasestorage.googleapis.com/v0/b/hugging-97603.appspot.com/o/Sound%2F3%2F3-11.mp3?alt=media&token=150cceba-77cc-4d64-bd9c-a9befbfee404'),(105,'도착하면 깨워주새오 플리인듯 플리아닌 ASMR','SOUND',0,'https://i.pinimg.com/736x/0b/da/81/0bda8180f9a4c85747f2b5c43df48b73.jpg',5,'https://firebasestorage.googleapis.com/v0/b/hugging-97603.appspot.com/o/Sound%2F3%2F3-12.mp3?alt=media&token=2ff9adcc-0f9d-4582-ad88-f71ac9bcd94b'),(106,'동이 트기 시작했지만 아직 추울 거야 말포이와 금지된 숲 새벽 산책 ASMR','SOUND',0,'https://i.pinimg.com/564x/85/b9/fe/85b9fee0358a6192b3f0abbc94a17d76.jpg',8,'https://firebasestorage.googleapis.com/v0/b/hugging-97603.appspot.com/o/Sound%2F3%2F3-13.mp3?alt=media&token=4e33e19c-f0bf-4225-bdab-f7a8813d4d9b'),(107,'동화 속으로 당신을 초대합니다 정령들의 연회 ASMR','SOUND',0,'https://i.pinimg.com/564x/ea/17/2a/ea172a39e57136cc2490040cef721191.jpg',3,'https://firebasestorage.googleapis.com/v0/b/hugging-97603.appspot.com/o/Sound%2F3%2F3-14.mp3?alt=media&token=7c657623-5c9a-4d03-85f9-1b7092697ef7'),(108,'뒹굴뒹굴 기분좋게 게을러지는 추억속 여름방학 ASMR','SOUND',0,'https://i.pinimg.com/564x/2b/22/94/2b2294bf722e50ea2b8daf3dd30330c5.jpg',3,'https://firebasestorage.googleapis.com/v0/b/hugging-97603.appspot.com/o/Sound%2F3%2F3-15.mp3?alt=media&token=e21e4b81-8798-4639-bd98-9bcc613240a3'),(109,'드레이코 말포이의 새벽 공부 - 속삭임 없는 버전','SOUND',0,'https://i.pinimg.com/564x/0b/db/f4/0bdbf4d70729c45334a45b5ed4b2c4d8.jpg',8,'https://firebasestorage.googleapis.com/v0/b/hugging-97603.appspot.com/o/Sound%2F3%2F3-16.mp3?alt=media&token=b4832832-24a7-46ee-a399-d11762b91a4a'),(110,'드뷔시 ‘달빛’과 촉촉한 빗소리 Clair de Lune by Debussy ASMR','SOUND',0,'https://i.pinimg.com/564x/66/c5/21/66c521df54d212db015ad20639ce11c2.jpg',12,'https://firebasestorage.googleapis.com/v0/b/hugging-97603.appspot.com/o/Sound%2F3%2F3-17.mp3?alt=media&token=d5341536-f281-4cf0-9195-54f7c26106fc'),(111,'따뜻한 감자수프 좀 들어요  중세 판타지 ASMR','SOUND',0,'https://i.pinimg.com/564x/98/9d/f1/989df1536820f4de8b31aa3936eb0f3a.jpg',13,'https://firebasestorage.googleapis.com/v0/b/hugging-97603.appspot.com/o/Sound%2F3%2F3-18.mp3?alt=media&token=8cff798f-fa12-4a06-afb7-6fa3b7716b92'),(112,'때는 두 번 이르지 아니하고 일은 지나면 못하나니 3.1운동을 준비하는 유관순 열사 ASMR','SOUND',0,'https://i.pinimg.com/736x/7b/55/27/7b5527ee2f78bf80df0dcb7ce77784e7.jpg',13,'https://firebasestorage.googleapis.com/v0/b/hugging-97603.appspot.com/o/Sound%2F3%2F3-19.mp3?alt=media&token=c493a17b-555c-430a-b41a-e80c919049d9'),(113,'때로는 대가를 감수해야 한다 세베루스 스네이프의 집무실 ASMR','SOUND',0,'https://i.pinimg.com/564x/2b/22/94/2b2294bf722e50ea2b8daf3dd30330c5.jpg',8,'https://firebasestorage.googleapis.com/v0/b/hugging-97603.appspot.com/o/Sound%2F3%2F3-20.mp3?alt=media&token=f6f4f92e-a66b-4ce4-b4d5-bc54a8c3749b'),(114,'레귤러스 블랙의 편지 No Inaudiable Sounds Ver','SOUND',0,'https://i.pinimg.com/564x/81/cf/64/81cf647bceb7ed613e2e1ae5641823ae.jpg',8,'https://firebasestorage.googleapis.com/v0/b/hugging-97603.appspot.com/o/Sound%2F3%2F3-21.mp3?alt=media&token=8c031827-fdca-4242-a7cc-9ef10dc7ff8a'),(115,'루나 러브굿의 새벽 공부 - 속삭임 없는 버전','SOUND',0,'https://i.pinimg.com/564x/00/63/ec/0063ec3ad1b6e3bb79ec9e58e3b723b8.jpg',8,'https://firebasestorage.googleapis.com/v0/b/hugging-97603.appspot.com/o/Sound%2F3%2F3-22.mp3?alt=media&token=3f4dac18-f233-4b2c-9a9c-447587595e7c'),(116,'리마스터] 헤르미온느의 방 - 속삭임 없는 버전','SOUND',0,'https://i.pinimg.com/564x/47/c9/e7/47c9e7a4ce168b4899846d4ba4ebaaf5.jpg',8,'https://firebasestorage.googleapis.com/v0/b/hugging-97603.appspot.com/o/Sound%2F3%2F3-23.mp3?alt=media&token=9f30f4b8-61d3-498e-a0db-c1eaff214919'),(117,'막아야 한다 반드시 비밀의 숲 황시목 특임검사와 특임팀 ASMR','SOUND',0,'https://i.pinimg.com/474x/0e/9b/ba/0e9bbaea4d859d9c3bee17577b225abf.jpg',6,'https://firebasestorage.googleapis.com/v0/b/hugging-97603.appspot.com/o/Sound%2F3%2F3-24.mp3?alt=media&token=98004d98-2359-4b23-9ddd-e3707b62406b'),(118,'말 못할 마음으로 함박눈이 나려 윤동주 시인의 책상 ASMR','SOUND',1,'https://i.pinimg.com/474x/f3/61/bf/f361bf2fa5b41d75c07663d97381be96.jpg',13,'https://firebasestorage.googleapis.com/v0/b/hugging-97603.appspot.com/o/Sound%2F3%2F3-25.mp3?alt=media&token=b6e47706-3c73-478f-901c-a19cae2fd8c9'),(119,'말은 민족의 정신이요 글은 민족의 생명이다 조선어학회 타자기 소리','SOUND',0,'https://i.pinimg.com/474x/e2/6b/d1/e26bd1f3aad579639cdbb83ff63a455e.jpg',13,'https://firebasestorage.googleapis.com/v0/b/hugging-97603.appspot.com/o/Sound%2F3%2F3-26.mp3?alt=media&token=9060cb60-0db7-460d-8dbd-8b28f31e9e44'),(120,'맑은 침잠 속에서 유영하는 이에게 바닷속 첼로 ASMR','SOUND',0,'https://i.pinimg.com/474x/b3/02/29/b30229823baa6d89f3d5ddc59e73be91.jpg',12,'https://firebasestorage.googleapis.com/v0/b/hugging-97603.appspot.com/o/Sound%2F3%2F3-27.mp3?alt=media&token=0a052096-c1fb-47c7-89c2-fe6860fbc704'),(121,'맛있고 포근한 겨울 캠핑! 음악과 함께 낮과 밤의 캠핑 ASMR Ambience','SOUND',0,'https://i.pinimg.com/474x/d8/42/32/d84232138e7356d979a159865d8aa67a.jpg',1,'https://firebasestorage.googleapis.com/v0/b/hugging-97603.appspot.com/o/Sound%2F3%2F3-28.mp3?alt=media&token=107d664b-7645-4008-bd8b-de5eef230f60'),(122,'먼저 자 난 공부 좀 더 하고 헤르미온느의 방 ASMR','SOUND',0,'https://i.pinimg.com/474x/23/14/29/231429328b2a4c6bebd5325a13dce8b1.jpg',8,'https://firebasestorage.googleapis.com/v0/b/hugging-97603.appspot.com/o/Sound%2F3%2F3-29.mp3?alt=media&token=cfbda942-8bef-44e4-b66f-940e817e4100'),(123,'모두 다 괜찮을 거예요 투 더 문 (To the Moon) ASMR Ambience','SOUND',0,'https://i.pinimg.com/474x/82/95/00/8295002c5b049027887674c082271440.jpg',5,'https://firebasestorage.googleapis.com/v0/b/hugging-97603.appspot.com/o/Sound%2F3%2F3-30.mp3?alt=media&token=7034f5a3-bf91-4b8d-8e38-7d6271ec811d'),(124,'모두가 봄꽃에 찬사를 보낼 때 봄비 그리고 음악 ASMR','SOUND',0,'https://i.pinimg.com/474x/2d/85/79/2d857921c3fe95762540a913a7d0ab9b.jpg',1,'https://firebasestorage.googleapis.com/v0/b/hugging-97603.appspot.com/o/Sound%2F3%2F3-31.mp3?alt=media&token=329db893-f89d-4ce5-827e-6000d8d5d345'),(125,'모든 것이 벅찬 날에 대하여 음악 그리고 심야버스 ASMR Ambience','SOUND',0,'https://i.pinimg.com/474x/f5/6a/e8/f56ae834950fc108a3f139718c52bbb3.jpg',5,'https://firebasestorage.googleapis.com/v0/b/hugging-97603.appspot.com/o/Sound%2F3%2F3-32.mp3?alt=media&token=7d819958-67e2-402d-b723-04deabb722fd'),(126,'모든 일엔 좋은 점이 있어요 빨강머리앤 ASMR','SOUND',0,'https://i.pinimg.com/474x/03/bb/a7/03bba7b5a4d397236f5e8c9fd89a7f07.jpg',12,'https://firebasestorage.googleapis.com/v0/b/hugging-97603.appspot.com/o/Sound%2F3%2F3-33.mp3?alt=media&token=6b9a4fb2-aef0-4690-bd3e-02489f67c837'),(127,'모여봐요 모코코의 전설 듣는 순간 긴장이 탁- 풀리는 게임 브금 모음 + 풀벌레 ASMR','SOUND',0,'https://i.pinimg.com/474x/f7/57/dd/f757dd9bc222678e5f262c6fe754b63d.jpg',7,'https://firebasestorage.googleapis.com/v0/b/hugging-97603.appspot.com/o/Sound%2F3%2F3-34.mp3?alt=media&token=f3f0b545-f515-4031-a1c0-cf4a76d65a70'),(128,'목동이자 도살자 시인이자 야수 영겁의 사냥꾼 킨드레드','SOUND',0,'https://i.pinimg.com/564x/2a/9f/b4/2a9fb40ea7ef37cda084d10f98ca7870.jpg',7,'https://firebasestorage.googleapis.com/v0/b/hugging-97603.appspot.com/o/Sound%2F3%2F3-35.mp3?alt=media&token=b520cb8a-a2a2-4957-89c0-e493f0334cf7'),(129,'목소리를 빼앗는 악마의 숲 피들스틱 ASMR','SOUND',0,'https://i.pinimg.com/474x/e5/83/bb/e583bb99c29f5bc8ffdc0bb05cbf1fbc.jpg',7,'https://firebasestorage.googleapis.com/v0/b/hugging-97603.appspot.com/o/Sound%2F3%2F3-36.mp3?alt=media&token=faa85990-728e-4657-927c-75cc6cddeae4'),(130,'무인도에 불시착하게 되는데 노빈손과 아이들 ASMR','SOUND',0,'https://i.pinimg.com/474x/9a/1f/f6/9a1ff62113d8be49ca4b22bb706dbce8.jpg',4,'https://firebasestorage.googleapis.com/v0/b/hugging-97603.appspot.com/o/Sound%2F3%2F3-36.mp3?alt=media&token=faa85990-728e-4657-927c-75cc6cddeae4'),(131,'무인도의 노빈손과 아이들 잠들기 좋은 부드러운 ASMR','SOUND',1,'https://i.pinimg.com/474x/77/11/5c/77115cc608d369acffab5a8bab67abed.jpg',4,'https://firebasestorage.googleapis.com/v0/b/hugging-97603.appspot.com/o/Sound%2F3%2F3-38.mp3?alt=media&token=9286069c-b471-4adf-9f6d-2b8665d5d99e'),(132,'물 닿은 곳에 이르러 앉아보니 비오는 밤 해수의 서신 (드라마 달의 연인 보보경심 려)','SOUND',0,'https://i.pinimg.com/474x/2d/f3/71/2df3717d125780600a8a9a2bb1ff400b.jpg',9,'https://firebasestorage.googleapis.com/v0/b/hugging-97603.appspot.com/o/Sound%2F3%2F3-39.mp3?alt=media&token=5be76655-d972-4f53-b5e2-f7a0f281c320'),(133,'물약값 도와주실 천사괌@@@@ 메이플스토리 헤네시스 ASMR','SOUND',0,'https://i.pinimg.com/474x/e1/93/8d/e1938de6817aff22070ccf28b9009c4c.jpg',7,'https://firebasestorage.googleapis.com/v0/b/hugging-97603.appspot.com/o/Sound%2F3%2F3-40.mp3?alt=media&token=f3dc5f0b-d09b-4cfb-9749-0f092e43a4d5'),(134,'뭔가 위로가 되네 고맙다 물이 똑똑 떨어지는 나른한 보건실 ASMR','SOUND',0,'https://i.pinimg.com/474x/6e/bc/39/6ebc3962793eb82abb3af58bb384c9b4.jpg',5,'https://firebasestorage.googleapis.com/v0/b/hugging-97603.appspot.com/o/Sound%2F3%2F3-41.mp3?alt=media&token=de7a2336-0b76-4405-9cf6-e749fd666dbc'),(135,'미스터션샤인 - 속삭임 없는 버전','SOUND',0,'https://i.pinimg.com/474x/8c/7e/1a/8c7e1a7dc973086520e6220e330f1976.jpg',9,'https://firebasestorage.googleapis.com/v0/b/hugging-97603.appspot.com/o/Sound%2F3%2F3-42.mp3?alt=media&token=d076062a-8264-483a-b541-8207b0dea23c'),(136,'미워하기엔 인생이 너무 짧아 작은 아씨들 (2019) ASMR','SOUND',0,'https://i.pinimg.com/474x/b4/5b/2e/b45b2ec25d882aaacc1f4d2ffbf0573a.jpg',9,'https://firebasestorage.googleapis.com/v0/b/hugging-97603.appspot.com/o/Sound%2F3%2F3-43.mp3?alt=media&token=b079dd60-3ccd-4e4d-a01e-daf96b9f8150'),(137,'밀린 일을 해치울 때 기분 좋지 않나요 헤르미온느의 공부 ASMR','SOUND',0,'https://i.pinimg.com/474x/75/56/c5/7556c57933c41dbde1acc5f61795e239.jpg',8,'https://firebasestorage.googleapis.com/v0/b/hugging-97603.appspot.com/o/Sound%2F3%2F3-44.mp3?alt=media&token=2405d25c-c834-4268-9243-8b1e39cb6d67'),(138,'바다거북 단디 잡으셔요 출발합니다 깊은 바닷속 피아노 ASMR','SOUND',4,'https://i.pinimg.com/474x/fe/29/27/fe2927bb18a1cb1bab1b2857688004cc.jpg',4,'https://firebasestorage.googleapis.com/v0/b/hugging-97603.appspot.com/o/Sound%2F3%2F3-45.mp3?alt=media&token=c4fb1f6c-23e1-42c5-8d0e-e79cc297cde2'),(139,'바닷가에서 잠이 잘 오는 이유wav 잠이 쏟아지는 편안한 ASMR','SOUND',1,'https://i.pinimg.com/474x/e5/5e/00/e55e001af0ffa7aad7c5236d973503b7.jpg',4,'https://firebasestorage.googleapis.com/v0/b/hugging-97603.appspot.com/o/Sound%2F3%2F3-46.mp3?alt=media&token=f933ec94-5e88-40f8-911d-331bd3baba05'),(140,'바스락대는 아기 토끼들 가을 호숫가의 토끼 둥지 ASMR ','SOUND',0,'https://i.pinimg.com/474x/0e/9b/ba/0e9bbaea4d859d9c3bee17577b225abf.jpg',1,'https://firebasestorage.googleapis.com/v0/b/hugging-97603.appspot.com/o/Sound%2F3%2F3-47.mp3?alt=media&token=cfbb57a8-9eec-4e59-a5e1-fdfea5545041'),(141,'단지 스쳐갈 뿐 영화 아웃 오브 아프리카 속 평온한 초원 ASMR','SOUND',0,'https://firebasestorage.googleapis.com/v0/b/hugging-97603.appspot.com/o/image%2F4%2F%EC%B4%88%EC%9B%90.PNG?alt=media&token=40901494-c4c3-44f4-a3bd-4e4f75f64d18',5,'https://firebasestorage.googleapis.com/v0/b/hugging-97603.appspot.com/o/Sound%2F4%2F1%2F4-1.mp3?alt=media&token=f5f6ccd6-c864-4ab1-ad54-9a1f1b52d004'),(142,'바야흐로 대항해시대로소이다! 졸린 오후에 들어요 활기찬 해적단 항구 ASMR','SOUND',0,'https://i.pinimg.com/originals/51/ac/81/51ac81244f1e05694e0edf70f1da4cb3.jpg',4,'https://firebasestorage.googleapis.com/v0/b/hugging-97603.appspot.com/o/Sound%2F4%2F1%2F4-1.mp3?alt=media&token=f5f6ccd6-c864-4ab1-ad54-9a1f1b52d004'),(143,'발이 푹푹 빠지는 설원을 내내 한겨울밤의 꿈 ASMR 몽환적인 Ambience','SOUND',0,'https://i.pinimg.com/originals/bd/f9/fd/bdf9fd1fb82c314912735fda7c18b45f.png',10,'https://firebasestorage.googleapis.com/v0/b/hugging-97603.appspot.com/o/Sound%2F4%2F1%2F4-3.mp3?alt=media&token=529c7a90-008a-44ae-b4fc-da8c6de8c0e6'),(144,'방구석 유럽여행 파티원 모집 (15)  유럽 거리공연 ASMR Ambience','SOUND',0,'https://firebasestorage.googleapis.com/v0/b/hugging-97603.appspot.com/o/image%2F4%2F%EC%9C%A0%EB%9F%BD%EA%B1%B0%EB%A6%AC.PNG?alt=media&token=9c3ee306-1871-41af-b8fc-97de9c0cc02b',11,'https://firebasestorage.googleapis.com/v0/b/hugging-97603.appspot.com/o/Sound%2F4%2F1%2F4-4.mp3?alt=media&token=bbf1d9fa-9d56-440e-a8a6-f261a86ac7b3'),(145,'배트맨의 존재가 의미하는 것 비오는 고담시티 다크나이트 ASMR','SOUND',0,'https://firebasestorage.googleapis.com/v0/b/hugging-97603.appspot.com/o/image%2F4%2F%EB%B2%A0%ED%8A%B8%EB%A7%A8.PNG?alt=media&token=af010d03-96ae-4353-9f69-ac6ce93c5ed6',9,'https://firebasestorage.googleapis.com/v0/b/hugging-97603.appspot.com/o/Sound%2F4%2F1%2F4-5.mp3?alt=media&token=54118dfa-9cd8-4502-bd00-9b59d0450f7f'),(146,'별 하나가 길을 잃고 내려와 알퐁스 도데 “별” ASMR Ambience (쇼팽 ‘녹턴’ Op9 No2)','SOUND',0,'https://firebasestorage.googleapis.com/v0/b/hugging-97603.appspot.com/o/image%2F4%2F%EB%B2%BD%EB%82%9C%EB%A1%9C.PNG?alt=media&token=4d7a2b8d-a01a-4299-8a0f-0d00a871c1a5',1,'https://firebasestorage.googleapis.com/v0/b/hugging-97603.appspot.com/o/Sound%2F4%2F1%2F4-6.mp3?alt=media&token=879d422d-2a1c-4ae1-b898-997135aa7f8e'),(147,'별빛으로도 샤베트를 만들 수 있단다 나비잠 ‘오터’님의 이야기 ASMR 달샤베트(백희나 작가님 원작)','SOUND',0,'https://firebasestorage.googleapis.com/v0/b/hugging-97603.appspot.com/o/image%2F4%2F%EB%B3%84%EB%B9%9B.PNG?alt=media&token=4d75361c-0654-48e7-a0f1-5d4668ff7859',5,'https://firebasestorage.googleapis.com/v0/b/hugging-97603.appspot.com/o/Sound%2F4%2F1%2F4-7.mp3?alt=media&token=d0d6aefd-4787-4abd-8a9d-4ffcefda56c5'),(148,'별일 없는 하루였으니 별수 없지 않은가 도시와 음악 ASMR 낮잠 Ambience','SOUND',0,'https://firebasestorage.googleapis.com/v0/b/hugging-97603.appspot.com/o/image%2F4%2F%EB%8F%84%EC%8B%9C.PNG?alt=media&token=f79c10f3-249a-4bd9-b212-1365d5c4e260',5,'https://firebasestorage.googleapis.com/v0/b/hugging-97603.appspot.com/o/Sound%2F4%2F1%2F4-8.mp3?alt=media&token=7160104f-153d-4aa8-9ea4-8c13ce5a6198'),(149,'봄이 온다는 것은 봄이 피는 연못가 ASMR (벌 소리 주의!) 낮잠 새소리 Ambience','SOUND',0,'https://i.pinimg.com/originals/a2/cb/fd/a2cbfd0139a4b6d2d705b7bf41f12fbc.jpg',3,'https://firebasestorage.googleapis.com/v0/b/hugging-97603.appspot.com/o/Sound%2F4%2F1%2F4-9.mp3?alt=media&token=2762cb93-57de-423c-b5e3-f414fbae3b38'),(150,'부족한 만큼 애써볼 뿐이야 세드릭의 공부 ASMR','SOUND',0,'https://firebasestorage.googleapis.com/v0/b/hugging-97603.appspot.com/o/image%2F4%2F%ED%9B%84%ED%94%8C%ED%91%B8%ED%94%842.PNG?alt=media&token=d0b04553-55ec-4c4b-b214-9387a8d416b4',8,'https://firebasestorage.googleapis.com/v0/b/hugging-97603.appspot.com/o/Sound%2F4%2F2%2F4-10.mp3?alt=media&token=9064df6a-ed30-4ae3-888e-8b1c51b114ac'),(151,'불길 속에서 태어난 아이 중세 판타지 속으로 4 잠깨기 좋은 비장한 음악과 ASMR','SOUND',0,'https://firebasestorage.googleapis.com/v0/b/hugging-97603.appspot.com/o/image%2F4%2F%EC%A4%91%EC%84%B8.PNG?alt=media&token=0ef1c87d-1a71-4f34-af45-e5286af9d310',13,'https://firebasestorage.googleapis.com/v0/b/hugging-97603.appspot.com/o/Sound%2F4%2F2%2F4-11.mp3?alt=media&token=26e46190-befa-491b-b057-c9e7909a8137'),(152,'불꽃놀이 보러 갈래요 한여름밤의 불꽃놀이 ASMR 잠들지 못하는 이를 위한 낮잠 Ambience','SOUND',0,'https://i.pinimg.com/originals/c7/f6/ba/c7f6ba1533d43ee10f9568bd60149581.jpg',1,'https://firebasestorage.googleapis.com/v0/b/hugging-97603.appspot.com/o/Sound%2F4%2F2%2F4-12.mp3?alt=media&token=167a07b5-9885-414f-8f0d-f26d76d17b06'),(153,'불안과 한숨 농담과 미소가 뒤섞여 텅 빈 수영장 안 유림과 희도 (드라마 스물다섯 스물하나)','SOUND',0,'https://firebasestorage.googleapis.com/v0/b/hugging-97603.appspot.com/o/image%2F4%2F%EC%9C%A0%EB%A6%BC.PNG?alt=media&token=7061593b-ee68-4409-975e-1388a46f9f09',5,'https://firebasestorage.googleapis.com/v0/b/hugging-97603.appspot.com/o/Sound%2F4%2F2%2F4-13.mp3?alt=media&token=d9d9aeab-db9e-4182-a337-029866f0d932'),(154,'비오는 날 정전이 되면 좀 센치해지죠 거실에서 모여 자는 밤 (드라마 응답하라1994)','SOUND',0,'https://i.pinimg.com/originals/67/82/71/678271668c3272d4e9f5ca0638eb4e59.jpg',9,'https://firebasestorage.googleapis.com/v0/b/hugging-97603.appspot.com/o/Sound%2F4%2F2%2F4-14.mp3?alt=media&token=6bcd8334-a75d-4581-aef8-fafd2dced301'),(155,'비온 뒤 맑음 잠들기 좋은 빗소리와 풀벌레 소리 ASMR','SOUND',0,'https://i.pinimg.com/originals/da/1b/33/da1b339cb2e418f08f379c863ba2a3c6.jpg',6,'https://firebasestorage.googleapis.com/v0/b/hugging-97603.appspot.com/o/Sound%2F4%2F2%2F4-15.mp3?alt=media&token=a3cc4566-da92-4039-a912-e1a87e799eb4'),(156,'비트에 몸을 맡겨라! Lofi JazzHop 카페','SOUND',0,'https://firebasestorage.googleapis.com/v0/b/hugging-97603.appspot.com/o/image%2F4%2F%EC%9E%AC%EC%A6%88%EC%B9%B4%ED%8E%98.PNG?alt=media&token=717b343e-d5a4-48a6-982f-4e6309e2cbb4',11,'https://firebasestorage.googleapis.com/v0/b/hugging-97603.appspot.com/o/Sound%2F4%2F2%2F4-16.mp3?alt=media&token=3e9c28d5-8e58-47fb-9302-5bab2c29f14a'),(157,'빙판 위에서 나는 혼자다 김연아 선수의 새벽 연습 ASMR','SOUND',0,'https://i.pinimg.com/originals/0e/fe/92/0efe92f373fe48ff9b291e1c9f5b2cfc.jpg',6,'https://firebasestorage.googleapis.com/v0/b/hugging-97603.appspot.com/o/Sound%2F4%2F2%2F4-17.mp3?alt=media&token=18ac45dc-d205-4c3f-af81-fb23aad05c75'),(158,'사각사각 도닥도닥 바스락 이불 속 스케치 ASMR 팅글 가득!','SOUND',0,'https://i.pinimg.com/originals/3e/ad/e0/3eade00f729898d75081f531a8b70f97.jpg',10,'https://firebasestorage.googleapis.com/v0/b/hugging-97603.appspot.com/o/Sound%2F4%2F2%2F4-18.mp3?alt=media&token=2fecc29c-424f-4643-9ca6-dff4f5226bd1'),(159,'사람에 사랑에 지친 그대에게 이터널 선샤인 ASMR 겨울바다 바람소리 영화 ASMR','SOUND',0,'https://i.pinimg.com/originals/83/2d/de/832ddef3f33beb603ebdcf1945179556.jpg',4,'https://firebasestorage.googleapis.com/v0/b/hugging-97603.appspot.com/o/Sound%2F4%2F2%2F4-19.mp3?alt=media&token=7f0b3fea-cd1e-4e5e-8535-d5b26a670bf1'),(160,'사람에 사랑에 지친 당신에게 이터널 선샤인 ASMR 겨울바다와 피아노 낮잠 Ambience','SOUND',0,'https://firebasestorage.googleapis.com/v0/b/hugging-97603.appspot.com/o/image%2F4%2F%EA%B2%A8%EC%9A%B8%EB%B0%94%EB%8B%A4.PNG?alt=media&token=273ee173-9c49-4de0-a258-8ed0b41d97c8',4,'https://firebasestorage.googleapis.com/v0/b/hugging-97603.appspot.com/o/Sound%2F4%2F3%2F4-20.mp3?alt=media&token=2c081dba-05c2-4154-a36d-a6749aa288ea'),(161,'상처를 치유하고 운명을 바꿀 시간 잘 때 들어요 라푼젤 ASMR','SOUND',0,'https://firebasestorage.googleapis.com/v0/b/hugging-97603.appspot.com/o/image%2F4%2F%EB%9D%BC%ED%91%BC%EC%A0%A4.PNG?alt=media&token=e3553b1e-739e-476c-877e-5616a4f5b1ed',9,'https://firebasestorage.googleapis.com/v0/b/hugging-97603.appspot.com/o/Sound%2F4%2F3%2F4-21.mp3?alt=media&token=3c00c28a-c964-4a65-918b-f21c1d75ab83'),(162,'새는 알을 깨고 나온다 알은 세계다 가을날의 교실 분위기 데미안과 싱클레어의 수업시간 ASMR Ambience','SOUND',0,'https://firebasestorage.googleapis.com/v0/b/hugging-97603.appspot.com/o/image%2F4%2F%EA%B5%90%EC%8B%A4.PNG?alt=media&token=c44cd6c9-57c1-4ab0-95f5-e43fc6aa3ef2',11,'https://firebasestorage.googleapis.com/v0/b/hugging-97603.appspot.com/o/Sound%2F4%2F3%2F4-22.mp3?alt=media&token=bbb122fc-668a-4cf4-b1c4-2fe4e4937210'),(163,'새벽비가 내리는 생명의 땅 동양마법학교 청룡사 편 ASMR','SOUND',0,'https://firebasestorage.googleapis.com/v0/b/hugging-97603.appspot.com/o/image%2F4%2F%EB%A7%88%EB%B2%95%ED%95%99%EA%B5%90.PNG?alt=media&token=bb3cf9c2-c52d-490f-9d31-40a1bb18738a',6,'https://firebasestorage.googleapis.com/v0/b/hugging-97603.appspot.com/o/Sound%2F4%2F3%2F4-23.mp3?alt=media&token=b03a84b2-d390-4409-8b8e-d46a12b84874'),(164,'새카맣게 젖어들어갈 때까지 깊은 밤 황후의 비밀 ASMR','SOUND',0,'https://firebasestorage.googleapis.com/v0/b/hugging-97603.appspot.com/o/image%2F4%2F%ED%99%A9%ED%9B%84.PNG?alt=media&token=7a1b0d73-6844-4462-a2d3-db496ca79a44',5,'https://firebasestorage.googleapis.com/v0/b/hugging-97603.appspot.com/o/Sound%2F4%2F3%2F4-24.mp3?alt=media&token=bb02413f-3549-42d4-b7c0-570a8ecdcd60'),(165,'생각을 비우고 묵언하다 템플스테이 새벽 산책 평화로운 ASMR','SOUND',0,'https://firebasestorage.googleapis.com/v0/b/hugging-97603.appspot.com/o/image%2F4%2F%ED%85%9C%ED%94%8C%EC%8A%A4%ED%85%8C%EC%9D%B4.PNG?alt=media&token=69155f41-e46f-467e-bc8e-7f78ac8dbb22',5,'https://firebasestorage.googleapis.com/v0/b/hugging-97603.appspot.com/o/Sound%2F4%2F3%2F4-25.mp3?alt=media&token=38238e7e-ed9d-49fd-8ac9-262f3f9394f4'),(166,'서쪽 바닷가 짙게 깔린 해무 안 안개 속 달빛서점 ASMR (팅글 가득!) 음악 없는 버전','SOUND',0,'https://firebasestorage.googleapis.com/v0/b/hugging-97603.appspot.com/o/image%2F4%2F%EB%8B%AC%EB%B9%9B%EC%84%9C%EC%A0%90.PNG?alt=media&token=96402689-a013-40cc-8d81-11882c04c96a',11,'https://firebasestorage.googleapis.com/v0/b/hugging-97603.appspot.com/o/Sound%2F4%2F3%2F4-26.mp3?alt=media&token=a24a3d81-906a-4fc9-9acc-6f9f99a18fb1'),(167,'선생님 소름일까 팅글일까 리나메 2 공포 ASMR Ambience 리틀 나이트메어 2','SOUND',0,'https://firebasestorage.googleapis.com/v0/b/hugging-97603.appspot.com/o/image%2F4%2F%EB%A6%AC%EB%82%98%EB%A9%94.PNG?alt=media&token=7c0424f1-5c24-4f4f-a115-8ff2c5103cb3',9,'https://firebasestorage.googleapis.com/v0/b/hugging-97603.appspot.com/o/Sound%2F4%2F3%2F4-27.mp3?alt=media&token=f0a15bbe-1c0f-42a1-9059-7a9f381f92f7'),(168,'세드릭 디고리의 공부 - 속삭임 없는 버전','SOUND',0,'https://firebasestorage.googleapis.com/v0/b/hugging-97603.appspot.com/o/image%2F4%2F%ED%9B%84%ED%94%8C%ED%91%B8%ED%94%84.PNG?alt=media&token=9c66fd60-ad03-42b3-932b-64c531acca81',8,'https://firebasestorage.googleapis.com/v0/b/hugging-97603.appspot.com/o/Sound%2F4%2F3%2F4-28.mp3?alt=media&token=c4441540-7de0-4b38-9d25-9c752adb483b'),(169,'세베루스 스네이프의 집무실 - 속삭임 없는 버전','SOUND',0,'https://firebasestorage.googleapis.com/v0/b/hugging-97603.appspot.com/o/image%2F4%2F%EC%8A%A4%EB%84%A4%EC%9D%B4%ED%94%84.PNG?alt=media&token=25c34844-f9d7-48e7-a0ca-6ff874addb00',8,'https://firebasestorage.googleapis.com/v0/b/hugging-97603.appspot.com/o/Sound%2F4%2F3%2F4-29.mp3?alt=media&token=a9498551-863e-4d92-8b24-3ecab7fc26a4'),(170,'소란하던 수숫잎 소리 황순원 소설 ‘소나기’ ASMR ','SOUND',0,'https://firebasestorage.googleapis.com/v0/b/hugging-97603.appspot.com/o/image%2F4%2F%EC%86%8C%EB%82%98%EA%B8%B0.PNG?alt=media&token=63563d34-e8b8-4fda-a3b5-382813daf966',6,'https://firebasestorage.googleapis.com/v0/b/hugging-97603.appspot.com/o/Sound%2F4%2F4%2F4-30.mp3?alt=media&token=3936919f-3538-426e-af22-b9c7dd9d90c8'),(171,'소르르 가볍게 생각하는 연습 아늑한 빗속 전기차+희미한 로파이 음악 ASMR','SOUND',0,'https://i.pinimg.com/originals/cf/e5/cc/cfe5cca8a7f3a5c23bb79b8d1a0cafc5.jpg',10,'https://firebasestorage.googleapis.com/v0/b/hugging-97603.appspot.com/o/Sound%2F4%2F4%2F4-31.mp3?alt=media&token=1adcda1c-02cb-43a4-8021-297e22bad782'),(172,'소르본 누벨의 교정을 춤추던 소녀는 음악이 흐르는 파리의 카페 ASMR','SOUND',0,'https://i.pinimg.com/originals/53/92/c1/5392c1e2f65848827d9a74cb002f81d9.jpg',11,'https://firebasestorage.googleapis.com/v0/b/hugging-97603.appspot.com/o/Sound%2F4%2F4%2F4-31.mp3?alt=media&token=1adcda1c-02cb-43a4-8021-297e22bad782'),(173,'수업시간에 머리를 빗겨주다니 나른한 한겨울의 교실 혜원과 지훈 이야기 ASMR ','SOUND',0,'https://i.pinimg.com/474x/03/bb/a7/03bba7b5a4d397236f5e8c9fd89a7f07.jpg',2,'https://firebasestorage.googleapis.com/v0/b/hugging-97603.appspot.com/o/Sound%2F3%2F3-33.mp3?alt=media&token=6b9a4fb2-aef0-4690-bd3e-02489f67c837'),(174,'쉴 곳을 찾는 바로 당신의 이야기 젤다의 전설 자기전에 듣는 ASMR','SOUND',0,'https://firebasestorage.googleapis.com/v0/b/hugging-97603.appspot.com/o/image%2F4%2F%EC%A0%A4%EB%8B%A4%EC%9D%98%EC%A0%84%EC%84%A4.PNG?alt=media&token=6da92dfc-5898-4db5-a8cf-8e908f875b6f',7,'https://firebasestorage.googleapis.com/v0/b/hugging-97603.appspot.com/o/Sound%2F4%2F4%2F4-34.mp3?alt=media&token=0dc7ae46-b7f4-46d9-b0d9-a0aa5d2ad2d7'),(175,'쉿 달콤한 일탈을 즐길 시간 론 위즐리의 방 ASMR','SOUND',0,'https://firebasestorage.googleapis.com/v0/b/hugging-97603.appspot.com/o/image%2F4%2F%EC%9C%84%EC%A6%90%EB%A6%AC%EC%9D%98%EB%B0%A9.png?alt=media&token=9a2bc91b-eccb-40fe-903b-b68d4e25808c',8,'https://firebasestorage.googleapis.com/v0/b/hugging-97603.appspot.com/o/Sound%2F4%2F4%2F4-35.mp3?alt=media&token=c933a041-2c9d-4594-8b32-a3fae2124e7b'),(176,'스네그로치카가 있다면 꼭 너 같을까 해수의 이야기 고래별(스포주의) ASMR','SOUND',0,'https://i.pinimg.com/originals/7e/b7/80/7eb7800c95b07a7b3bcc9cf0a2ca9952.jpg',9,'https://firebasestorage.googleapis.com/v0/b/hugging-97603.appspot.com/o/Sound%2F4%2F4%2F4-36.mp3?alt=media&token=0a205fd9-1a98-4675-ac8c-48cee0d5ceb4'),(177,'스스로 지키고 살아남아 진정한 왕이 무엇인지 보여주거라 ASMR (드라마 킹덤)','SOUND',0,'https://firebasestorage.googleapis.com/v0/b/hugging-97603.appspot.com/o/image%2F4%2F%ED%82%B9%EB%8D%A4.PNG?alt=media&token=3088adbb-ff52-4998-8204-7812f4920a16',9,'https://firebasestorage.googleapis.com/v0/b/hugging-97603.appspot.com/o/Sound%2F4%2F4%2F4-37.mp3?alt=media&token=468cc060-5cb5-4545-9e62-f59b637d347e'),(178,'스폰지밥도 휴식이 필요해 바닷속 비키니시티의 밤 보글보글 스폰지밥 잠이 안올 때 듣는 스펀지밥 ASMR','SOUND',0,'https://i.pinimg.com/originals/d4/fa/a2/d4faa26802270abde39a1034544854d5.jpg',10,'https://firebasestorage.googleapis.com/v0/b/hugging-97603.appspot.com/o/Sound%2F4%2F4%2F4-38.mp3?alt=media&token=d7ad14af-f2a2-42d8-90ef-16f5c43379b7'),(179,'시리고 안온한 고독에 관하여 엘사의 얼음 궁전 겨울왕국 ASMR Ambience','SOUND',0,'https://i.pinimg.com/originals/14/47/a7/1447a7430241810e36f4598865b17a13.jpg',9,'https://firebasestorage.googleapis.com/v0/b/hugging-97603.appspot.com/o/Sound%2F4%2F4%2F4-39.mp3?alt=media&token=c870eca5-aa4c-49bb-983a-b7a6a4b96674'),(180,'신라시대 공주 공부법 - 속삭임 없는 버전','SOUND',0,'https://i.pinimg.com/originals/db/9a/c2/db9ac2fa6ab97198cb9b31cfafacbccf.jpg',13,'https://firebasestorage.googleapis.com/v0/b/hugging-97603.appspot.com/o/Sound%2F4%2F5%2F4-40.mp3?alt=media&token=04bf84b8-8c95-422c-b761-3a1a259cadc8'),(181,'심연에서 꿈을 끌어올리는 법 어둑하고 안온한 위로의 소리 ASMR','SOUND',0,'https://firebasestorage.googleapis.com/v0/b/hugging-97603.appspot.com/o/image%2F4%2F%EC%8B%AC%EC%97%B0.PNG?alt=media&token=2c609489-2e4d-48b9-8873-626ab97cb8b0',6,'https://firebasestorage.googleapis.com/v0/b/hugging-97603.appspot.com/o/Sound%2F4%2F5%2F4-41.mp3?alt=media&token=b8b3a9cc-f071-49a7-8835-92cf508260c2'),(182,'심해의 심장 소리를 들어라 항구의 학살자 파이크 ASMR 어두운 바닷속 Ambience (롤 테마)','SOUND',0,'https://i.pinimg.com/originals/3f/46/ea/3f46ea54299c43aea299f6cfdc75869f.jpg',7,'https://firebasestorage.googleapis.com/v0/b/hugging-97603.appspot.com/o/Sound%2F4%2F5%2F4-42.mp3?alt=media&token=bf1b3f11-4269-4fc6-971b-7aee6afc57d2'),(183,'쓰고 향기로운 것이 위로하듯 킬러의 누아르 ASMR','SOUND',0,'https://firebasestorage.googleapis.com/v0/b/hugging-97603.appspot.com/o/image%2F4%2F%EB%88%84%EC%95%84%EB%A5%B4.png?alt=media&token=3dd959f8-59e2-4921-a15d-d1553ca9f773',9,'https://firebasestorage.googleapis.com/v0/b/hugging-97603.appspot.com/o/Sound%2F4%2F5%2F4-43.mp3?alt=media&token=4652b91a-0fbe-4381-aa4e-99b29a9eec8e'),(184,'아직 포기할 이유가 없다 바람부는 정원 그림을 그리는 에이미 ASMR (드라마 작은 아씨들)','SOUND',0,'https://firebasestorage.googleapis.com/v0/b/hugging-97603.appspot.com/o/image%2F1.PNG?alt=media&token=aac7fc13-ad30-4ba5-907f-6bb184b20e1b',12,'https://firebasestorage.googleapis.com/v0/b/hugging-97603.appspot.com/o/Sound%2F4%2F5%2F4-44.mp3?alt=media&token=93949451-8e37-4e66-9983-409c39826ce0'),(185,'안녕 밖에서 혼자 뭐해 파티에서 빠져나온 밤 ASMR 사실상 낮잠이 좋아하는 소리 모음집','SOUND',0,'https://i.pinimg.com/originals/07/05/04/070504e46801858c54bcb6cbe744bbf2.jpg',10,'https://firebasestorage.googleapis.com/v0/b/hugging-97603.appspot.com/o/Sound%2F4%2F5%2F4-45.mp3?alt=media&token=007a82fa-f24f-48c9-8e4d-db94ca7eed32'),(186,'애써 고된 길을 가는 이에게 호텔 델루나 자기전에 듣는 ASMR','SOUND',0,'https://i.pinimg.com/originals/8e/52/35/8e5235c1e1518f96ca6cfb77d25db4bf.jpg',9,'https://firebasestorage.googleapis.com/v0/b/hugging-97603.appspot.com/o/Sound%2F4%2F5%2F4-46.mp3?alt=media&token=20d6cc19-c55d-475d-8cbd-7607f2fe5fb0'),(187,'어느 날 바람이 물었다 지칠 때 들어요 바람소리 가득한 ASMR','SOUND',0,'https://i.pinimg.com/originals/83/2d/de/832ddef3f33beb603ebdcf1945179556.jpg',12,'https://firebasestorage.googleapis.com/v0/b/hugging-97603.appspot.com/o/Sound%2F4%2F5%2F4-47.mp3?alt=media&token=b5a86196-a0e0-43d5-99a5-2f39162d5cbd'),(188,'어느 마법사 이야기 스튜가 뭉근하게 끓는 마법의 부엌 ASMR','SOUND',0,'https://img.insight.co.kr/static/2017/12/30/700/1r5al2824ee01wqztx5x.jpg',10,'https://firebasestorage.googleapis.com/v0/b/hugging-97603.appspot.com/o/Sound%2F5%2F5-1.mp3?alt=media&token=28c3a200-6264-44f7-9953-a0d25790a5a7'),(189,'어떤 기억을 가지고 갈 건가요 나비잠 스토리 릴레이 ASMR','SOUND',0,'https://encrypted-tbn0.gstatic.com/images?q=tbn:ANd9GcQZ88ZmrlO87rHvm-XvgSW--ujcSaghNO8ZMg&usqp=CAU',10,'https://firebasestorage.googleapis.com/v0/b/hugging-97603.appspot.com/o/Sound%2F5%2F5-2.mp3?alt=media&token=0a99242c-a98f-4daa-94c4-570a92f963a9'),(190,'어떤 비극 어둡고 환상적인 피아노 음악 모음 playlist 낮잠 Ambience non-ASMR','SOUND',0,'https://cdn.class101.net/images/25b2abd2-319a-440e-8ebd-1fc9243ae9f4',12,'https://firebasestorage.googleapis.com/v0/b/hugging-97603.appspot.com/o/Sound%2F5%2F5-3.mp3?alt=media&token=2ee75090-6e3f-4ec4-b69b-a77e860152de'),(191,'어떤 절망에서도 희망은 적힌다 거센 바람 속 희망의 활자 타자기 소리 ASMR','SOUND',0,'https://images.saatchiart.com/saatchi/693319/art/3545534/2615421-HSC00001-7.jpg',6,'https://firebasestorage.googleapis.com/v0/b/hugging-97603.appspot.com/o/Sound%2F5%2F5-4.mp3?alt=media&token=f6a25111-be05-4f0a-9d8f-e7d3114178bc'),(192,'어젯밤엔 정말 미안했습니다 중세 판타지 속으로 1 팅글 넘치는 숲속 잡화점 ASMR','SOUND',0,'https://mblogthumb-phinf.pstatic.net/MjAxOTA1MTNfMjU5/MDAxNTU3NzEwMDE1MDM4.vs0Od6ozCLBTwfOXVvy47GQEBfS5mZa1Lpwkr7EwEQ4g.MGj3r24oJG98gF9_wM8MiY9rBnyIJx28K1VpO7mgmjMg.JPEG.simbamcc/IMG_5478.jpg?type=w800',7,'https://firebasestorage.googleapis.com/v0/b/hugging-97603.appspot.com/o/Sound%2F5%2F5-5.mp3?alt=media&token=2b8a993e-c9ec-4fff-85b1-e973f3448302'),(193,'엉뚱한 사람이라면 누구든 환영! 바닷속 비밀의 도서관 공부할 때 듣는 ASMR','SOUND',0,'https://cloudfront-ap-northeast-1.images.arcpublishing.com/chosun/3FRMGRJIVH7DEWH3APMCPDXCVI.jpg',4,'https://firebasestorage.googleapis.com/v0/b/hugging-97603.appspot.com/o/Sound%2F5%2F5-6.mp3?alt=media&token=6bd2444e-091c-4a3a-b0f3-b0132b14a73b'),(194,'여기가 북카페여 도서관이여! 아이유인나의 조용한 북카페 마실 ASMR','SOUND',0,'http://www.spochoo.com/news/photo/201804/31647_57866.jpg',11,'https://firebasestorage.googleapis.com/v0/b/hugging-97603.appspot.com/o/Sound%2F5%2F5-7.mp3?alt=media&token=748bca90-7de5-4ca5-8c24-39794381f1c0'),(195,'여긴 시간이 멈춘 정원이에요  나비잠 스토리 잠들기 좋은 ASMR','SOUND',0,'https://i.ytimg.com/vi/u9CoeHSChuQ/hq720.jpg?sqp=-oaymwEcCOgCEMoBSFXyq4qpAw4IARUAAIhCGAFwAcABBg==&rs=AOn4CLB9lSE-vs6oiTnuWFSmHfXHSjMctQ',10,'https://firebasestorage.googleapis.com/v0/b/hugging-97603.appspot.com/o/Sound%2F5%2F5-8.mp3?alt=media&token=691e6c66-a038-48f4-951b-81b5c34f8d8b'),(196,'여섯 계절 내내 돌 비가 내린다네 신비로운 팅글 가득 돌 비가 내리는 연금술사의 성 ASMR','SOUND',0,'https://upload.wikimedia.org/wikipedia/commons/7/76/Amphitheatrum_sapientiae_aeternae_-_Alchemist%27s_Laboratory.png',1,'https://firebasestorage.googleapis.com/v0/b/hugging-97603.appspot.com/o/Sound%2F5%2F5-9.mp3?alt=media&token=707ecd5d-f671-49be-8ba6-c017f459ce88'),(197,'여섯 번째 계절의 끝자락 공부할 때 들어요 어두운 피아노 음악과 중세 판타지 ASMR','SOUND',0,'https://i.ytimg.com/vi/24_G6B6NxO0/maxresdefault.jpg',12,'https://firebasestorage.googleapis.com/v0/b/hugging-97603.appspot.com/o/Sound%2F5%2F5-10.mp3?alt=media&token=ed730b39-2cc6-407b-b2f9-0c4b0a4e4088'),(198,'열쇠를 잃어버리고만 차알스 씨 바닷속 비밀의 도서관 2탄 공부할 때 듣는 ASMR','SOUND',0,'https://i.ytimg.com/vi/vDFxRNzOpMs/hq720.jpg?sqp=-oaymwEjCOgCEMoBSFryq4qpAxUIARUAAAAAGAElAADIQj0AgKJDeAE=&rs=AOn4CLCoyVOllgBUIgnJCOrpDZUrVvuE7A',11,'https://firebasestorage.googleapis.com/v0/b/hugging-97603.appspot.com/o/Sound%2F5%2F5-11.mp3?alt=media&token=717bc456-bbea-4f69-8ca4-9d81e37e2a85'),(199,'영롱한 가야 다이아를 찾으시나요 중세 보석상 ASMR','SOUND',0,'https://i.ytimg.com/vi/Q3R8LM1aYSM/mqdefault.jpg',13,'https://firebasestorage.googleapis.com/v0/b/hugging-97603.appspot.com/o/Sound%2F5%2F5-12.mp3?alt=media&token=3d9f2f01-a3bd-4abc-9c98-9df7c0c39282'),(200,'오 가엾은 에릭! 납빛의 호수 (오페라의 유령) 공부할 때 듣는 ASMR','SOUND',0,'https://w.namu.la/s/802daa23d5fb2bca8a36a630890e3dcfe5b16669800f6c69e034eccb2a913aa8875016fc29d9ae55d1384fca73f8c8ca240c86b6521e2040128596a6ccc126abac954e0fdbdec96d0c9a4ab37e3a89a5901dae93d6caefcdf8ee6d1bcd214a22',1,'https://firebasestorage.googleapis.com/v0/b/hugging-97603.appspot.com/o/Sound%2F5%2F5-13.mp3?alt=media&token=cd01b558-5f52-426d-9e14-637314e9b273'),(201,'오 아직 안 잤니 헤르미온느의 방 ASMR','SOUND',0,'http://img.movist.com/data/imgroot/x00/10/74/96s.jpg',8,'https://firebasestorage.googleapis.com/v0/b/hugging-97603.appspot.com/o/Sound%2F5%2F5-14.mp3?alt=media&token=450093c9-77dc-4477-a292-bde56f9ec724'),(202,'오늘 네 기분은 반드시 흘러가고 말 거야 지칠 때 마다 듣는 ASMR','SOUND',0,'https://t1.daumcdn.net/cfile/tistory/9944383B5AA6856A33',1,'https://firebasestorage.googleapis.com/v0/b/hugging-97603.appspot.com/o/Sound%2F5%2F5-15.mp3?alt=media&token=a31994c8-6d78-4a59-921b-e195faea7351'),(203,'오늘 첫 짝사랑을 시작했다 톡톡 연필소리 하이틴 로맨스 갬성 플리 ASMR','SOUND',0,'https://img.seoul.co.kr/img/upload/2019/09/03/SSI_20190903072522_V.jpg',2,'https://firebasestorage.googleapis.com/v0/b/hugging-97603.appspot.com/o/Sound%2F5%2F5-16.mp3?alt=media&token=32bc4ae7-fff5-4fa1-a253-c98d85e92dee'),(204,'오늘도 버텨내는 중입니다 커피 한 잔과 야근 무접점 키보드 타건음 ASMR','SOUND',0,'https://i.ytimg.com/vi/qBlRhUhn4u8/hq720.jpg?sqp=-oaymwEhCK4FEIIDSFryq4qpAxMIARUAAAAAGAElAADIQj0AgKJD&rs=AOn4CLDu_TRZrexT7ZSWgPmtStfrbf4reA',11,'https://firebasestorage.googleapis.com/v0/b/hugging-97603.appspot.com/o/Sound%2F5%2F5-17.mp3?alt=media&token=fd32e154-542e-4942-91cb-e547e07a8079'),(205,'오늘은 여기서 자요 마비노기 세상에서 어릴적 할머니가 들려주신 옛 전설 ASMR','SOUND',0,'https://i.ytimg.com/vi/E_wF3loPCcM/maxresdefault.jpg',7,'https://firebasestorage.googleapis.com/v0/b/hugging-97603.appspot.com/o/Sound%2F5%2F5-18.mp3?alt=media&token=64f7a11d-44a1-40e1-b7f5-392c41e00d78'),(206,'오롯이 나만을 위한 시간 어둑한 아침 정갈한 명상 ASMR','SOUND',0,'https://img1.daumcdn.net/thumb/R1280x0.fjpg/?fname=http://t1.daumcdn.net/brunch/service/user/2ogC/image/CPP1v0cXqyEbW7KNgEw2n2mZgiU',3,'https://firebasestorage.googleapis.com/v0/b/hugging-97603.appspot.com/o/Sound%2F5%2F5-19.mp3?alt=media&token=33112399-5fa0-4c20-b5f2-b0f1757eb25f'),(207,'오픈 첫 손님이시네요 비오는 아침 카페 ASMR','SOUND',0,'https://i.ytimg.com/vi/jRCkU-yU0xw/mqdefault.jpg',11,'https://firebasestorage.googleapis.com/v0/b/hugging-97603.appspot.com/o/Sound%2F5%2F5-20.mp3?alt=media&token=259b12a9-07de-45bf-b815-fa023fa813e0'),(208,'온 땅이 흔들리다 동양마법학교 백호궁 편 ASMR','SOUND',0,'https://i.ytimg.com/vi/5e5r5RKiSWw/maxresdefault.jpg',9,'https://firebasestorage.googleapis.com/v0/b/hugging-97603.appspot.com/o/Sound%2F5%2F5-21.mp3?alt=media&token=4b43be7a-1f01-4e54-abcb-f544483c6ee0'),(209,'옳다고 생각하는 일을 해내는 힘 레귤러스 블랙의 편지 ASMR','SOUND',0,'https://t1.daumcdn.net/cfile/tistory/25415B4D56D8F80614',8,'https://firebasestorage.googleapis.com/v0/b/hugging-97603.appspot.com/o/Sound%2F5%2F5-22.mp3?alt=media&token=50230ebe-1811-419f-bf4f-124eb73b52ce'),(210,'우리 겨울밤 캠핑 갈까요 어쿠스틱 감성 캠핑 ASMR','SOUND',0,'https://pds.joongang.co.kr/news/component/htmlphoto_mmdata/202011/12/d79a5139-a058-4403-8dab-e7ceac79d21f.jpg',12,'https://firebasestorage.googleapis.com/v0/b/hugging-97603.appspot.com/o/Sound%2F5%2F5-23.mp3?alt=media&token=0ce50467-3897-4598-ac19-025a7b809198'),(211,'우리는 모두 공허한 마음을 느낀다 글을 쓰는 작가의 조용한 무접점 키보드 타건음 ASMR','SOUND',0,'https://i.ytimg.com/vi/ptdffqfxo_8/maxresdefault.jpg',6,'https://firebasestorage.googleapis.com/v0/b/hugging-97603.appspot.com/o/Sound%2F5%2F5-24.mp3?alt=media&token=16df6cec-b560-4f81-adae-62e149dbfd59'),(212,'우리는 사랑받기 위해 애써온 것이다 비포 선라이즈 ASMR','SOUND',0,'https://pbs.twimg.com/media/CxXFbSRVQAQXW1I.jpg',9,'https://firebasestorage.googleapis.com/v0/b/hugging-97603.appspot.com/o/Sound%2F5%2F5-25.mp3?alt=media&token=124d46b3-1a13-472a-82d4-61a7b3a87a0f'),(213,'우리는 살아있는 나무다 안개와 바람 속 꿋꿋하게 버텨내는 나무 ASMR 낮잠 Ambience','SOUND',0,'https://blog.kakaocdn.net/dn/Gkg8y/btq6MSipDsc/iDtWCCRf4wwEMx8LfiVm5k/img.jpg',10,'https://firebasestorage.googleapis.com/v0/b/hugging-97603.appspot.com/o/Sound%2F5%2F5-26.mp3?alt=media&token=c0090c89-3db4-47f1-af9a-b7bb792a7e24'),(214,'월성에 동이 트자 새 군주가 피어나다 신라시대 공주의 아침 ASMR','SOUND',0,'https://i.ytimg.com/vi/foKRfuiMyqY/maxresdefault.jpg',13,'https://firebasestorage.googleapis.com/v0/b/hugging-97603.appspot.com/o/Sound%2F5%2F5-27.mp3?alt=media&token=8f663f9a-7c4e-43be-b4ca-4f7551caf09a'),(215,'음음음 음음 납량특집 데드 바이 데이라이트 ASMR','SOUND',0,' \"https://img.redbull.com/images/q_auto f_auto/redbullcom/2020/8/19/emnld8chlln2y4n4eeyp/dd\"',7,'https://firebasestorage.googleapis.com/v0/b/hugging-97603.appspot.com/o/Sound%2F5%2F5-28.mp3?alt=media&token=bec5c230-2286-4075-b4da-d284ece017eb'),(216,'이건 마법사 체스라구 헤르미온느 해리와 론의 크리스마스 ASMR','SOUND',0,'https://t1.daumcdn.net/cfile/tistory/99C4FF475C08BCE41A',8,'https://firebasestorage.googleapis.com/v0/b/hugging-97603.appspot.com/o/Sound%2F5%2F5-29.mp3?alt=media&token=b4cd5336-f236-46d3-877d-440307734e47'),(217,'이별과 여행이 준 선물 타닥타닥 찰박찰박 키보드 타건음 ASMR','SOUND',0,'https://i.ytimg.com/vi/BktjePVUYtQ/mqdefault.jpg',6,'https://firebasestorage.googleapis.com/v0/b/hugging-97603.appspot.com/o/Sound%2F5%2F5-30.mp3?alt=media&token=cec651c0-d484-48ef-81ec-4fb72845a1df'),(218,'이젠 네가 내 삶이야 에드워드 컬렌과 벨라의 평온한 오후 ASMR','SOUND',0,'http://www.wolyo.co.kr/news/photo/201211/7425_6733_5039.jpg',9,'https://firebasestorage.googleapis.com/v0/b/hugging-97603.appspot.com/o/Sound%2F5%2F5-31.mp3?alt=media&token=874c98d7-24b0-45ad-b088-7f6c29b01c97'),(219,'이토록 어설픈 일상이라도 한낮의 빗소리와 로파이(Lo-fi) 비트 ASMR','SOUND',0,'https://i.ytimg.com/vi/lMHH4eWQxKw/maxresdefault.jpg',12,'https://firebasestorage.googleapis.com/v0/b/hugging-97603.appspot.com/o/Sound%2F5%2F5-32.mp3?alt=media&token=b7ce207b-8f35-4cf9-8894-36028673b222'),(220,'인간 소외 뉴욕 1970 영화 조커 X 택시 드라이버  재즈 선율이 흐르는 ASMR','SOUND',0,'http://cdn.dealbada.com/data/editor/1910/88e9ce9da30e15693d4fa5ef2484b39d_1570070259_3247.jpg',9,'https://firebasestorage.googleapis.com/v0/b/hugging-97603.appspot.com/o/Sound%2F5%2F5-33.mp3?alt=media&token=44949e79-beb5-4771-b45f-4efa68b2fbd5'),(221,'입수하실 분 드루오세요 레트로 풀파티 ASMR','SOUND',0,'https://encrypted-tbn0.gstatic.com/images?q=tbn:ANd9GcS2MRJFb-QoYyiiOGozcFGkBsX2JOt8lA4PPQ&usqp=CAU',12,'https://firebasestorage.googleapis.com/v0/b/hugging-97603.appspot.com/o/Sound%2F5%2F5-34.mp3?alt=media&token=81e0177c-b125-451f-b234-8cb2faddaee8'),(222,'입안에 맴도는 이름 안나의 정원 한여름 티파티 ASMR 빅토리아 시대 로맨스 판타지 Ambience','SOUND',0,'https://e7.pngegg.com/pngimages/24/413/png-clipart-teapot-victorian-era-tea-party-tea-set-tea-tea-monochrome.png',13,'https://firebasestorage.googleapis.com/v0/b/hugging-97603.appspot.com/o/Sound%2F5%2F5-35.mp3?alt=media&token=20d4299f-4152-4926-b6b6-cb5c363a1f91'),(223,'자신과의 약속을 지키기 위한 연습 고독한 나비보벳따우(TK) 클럽 515 ASMR','SOUND',0,'http://cdn.psychiatricnews.net/news/photo/202004/19311_13469_4143.jpg',7,'https://firebasestorage.googleapis.com/v0/b/hugging-97603.appspot.com/o/Sound%2F5%2F5-36.mp3?alt=media&token=36b38a69-6b81-40a9-ad28-dda958ac3f38'),(224,'잘 깎인 연필로 사각사각 포근한 이불 속 피아노 배경음악 버전 ASMR ambience','SOUND',0,'https://img1.daumcdn.net/thumb/R1280x0/?fname=http://t1.daumcdn.net/brunch/service/user/cjBn/image/1PfAn1yjix1IpG_1NBbq7zJYhXY.jpg',6,'https://firebasestorage.googleapis.com/v0/b/hugging-97603.appspot.com/o/Sound%2F5%2F5-37.mp3?alt=media&token=67dd7040-39ce-4b4f-89ca-38658f1862c3'),(225,'잠도 휴식도 사치다  잊히지 못한 자 요네 ASMR 리그오브레전드 Ambience','SOUND',0,'https://upload3.inven.co.kr/upload/2020/07/14/bbs/i15232916034.jpg',7,'https://firebasestorage.googleapis.com/v0/b/hugging-97603.appspot.com/o/Sound%2F5%2F5-38.mp3?alt=media&token=77366368-0822-4c80-a6d7-de97cd4c22aa'),(226,'잠시 숨었다 갈 수 있는 잘 때 들어요 눈보라 속 아늑한 통나무집 ASMR 음악 없는 버전','SOUND',0,'https://st.depositphotos.com/2739581/54704/i/600/depositphotos_547040418-stock-photo-cozy-snowbound-log-cabin-with.jpg',1,'https://firebasestorage.googleapis.com/v0/b/hugging-97603.appspot.com/o/Sound%2F5%2F5-39.mp3?alt=media&token=a7529846-877f-4d41-a93d-ee0c88b495d4'),(227,'잠이 안 오죠 이리 와봐요  세월의 돌 중세시대 여관 펍 ASMR Ambience','SOUND',0,'https://www.befreetour.com/img/produk/prague-medieval-dinner/prague-medieval-dinner_3e4fd18eeeae7ff8165c14b3bffe50dd41d50694.jpg',13,'https://firebasestorage.googleapis.com/v0/b/hugging-97603.appspot.com/o/Sound%2F5%2F5-40.mp3?alt=media&token=8ac4bcfd-3c67-49a4-bfdb-d29570adeb7d'),(228,'장기백 없이 갑니다 템포 따라오세요 재련할 때 듣는 영험한 노래(장기백 방지 부적 브금)','SOUND',0,'https://cdn-lostark.game.onstove.com/uploadfiles/notice/1a395c70eb5a4f9e9e0db72bff6ac096.jpg',7,'https://firebasestorage.googleapis.com/v0/b/hugging-97603.appspot.com/o/Sound%2F5%2F5-41.mp3?alt=media&token=5a62e133-868c-4bbe-b40f-4c7bd4e0f791'),(229,'저를 동정하지 마thㅔ요! 공부할 때 듣는 로파이 캐롤 비트','SOUND',0,'https://i.ytimg.com/vi/UM4NstzFqEQ/maxresdefault.jpg',12,'https://firebasestorage.googleapis.com/v0/b/hugging-97603.appspot.com/o/Sound%2F5%2F5-42.mp3?alt=media&token=3cda4a48-212d-4916-961b-bcc8b008e395'),(230,'적당히 붕 뜨는 표정 성공 징크스의 새벽 연구 ASMR 아케인(넷플릭스 LoL)','SOUND',0,'https://c.wallhere.com/photos/44/96/1920x1080_px_Jinx_League_Of_Legends_League_Of_Legends-717103.jpg!s',7,'https://firebasestorage.googleapis.com/v0/b/hugging-97603.appspot.com/o/Sound%2F5%2F5-43.mp3?alt=media&token=2631a5f2-37cc-4083-bfe8-8f486d5e6778'),(231,'정교함이 없다면 망나니일 뿐 강철의 그림자 카밀 ASMR','SOUND',0,'http://lolstatic-a.akamaihd.net/frontpage/apps/prod/camille-reveal/en_US/ecc2be817392b9e35e0d7fd10f050996e6797320/assets/img/CamilleComic-logo.jpg',7,'https://firebasestorage.googleapis.com/v0/b/hugging-97603.appspot.com/o/Sound%2F5%2F5-44.mp3?alt=media&token=596f1d66-23b0-44bd-8f9f-80afa0257a3b'),(232,'제 인생은 스스로 만들거예요 집필에 몰두하는 조 ASMR (드라마작은아씨들)','SOUND',0,'https://i.ytimg.com/vi/xNTDWFiL4IA/maxresdefault.jpg',6,'https://firebasestorage.googleapis.com/v0/b/hugging-97603.appspot.com/o/Sound%2F5%2F5-45.mp3?alt=media&token=df3bb146-1e9d-49e3-b62a-9217f3e757c6'),(233,'잃어버린 여유를 찾고 싶을 때 들어요 상쾌하고 깨끗한 제주의 자연과 몽글몽글 피아노 음악 ASMR','SOUND',0,'http://san.chosun.com/news/photo/201112/6500_22519_2612.jpg',12,'https://firebasestorage.googleapis.com/v0/b/hugging-97603.appspot.com/o/Sound%2F5%2F5-46.mp3?alt=media&token=a01411a7-7c2a-425e-86e3-e71b9e007305'),(234,'조금 모나도 이게 나인 것 같아 같이 바람쐬러 갈래요? ASMR','SOUND',0,'https://blog.kakaocdn.net/dn/cm03XR/btrF7eRPj7h/QIw1XbSki0tBV76P04AIGK/img.jpg',4,'https://firebasestorage.googleapis.com/v0/b/hugging-97603.appspot.com/o/Sound%2F5%2F5-47.mp3?alt=media&token=e1f1a04e-b427-489e-9c80-f99abf20db51'),(235,'조선의 것으로 조선에 맞는 것을 만들면 됩니다 동틀녘 장영실의 연구 ASMR (영화 ‘천문)','SOUND',0,'http://www.picturebook-illust.com/upload_board/new_Gallery/Original/a/1[30].jpg',13,'https://firebasestorage.googleapis.com/v0/b/hugging-97603.appspot.com/o/Sound%2F6%2F6-1.mp3?alt=media&token=3279683e-194f-4359-b58e-f7fc72dff25c'),(236,'중세 판타지 좋아해요  음유시인의 언덕 바람소리 가득한 중세시대 ASMR','SOUND',0,'https://img.hankyung.com/photo/201907/01.20147556.1.jpg ',13,'https://firebasestorage.googleapis.com/v0/b/hugging-97603.appspot.com/o/Sound%2F6%2F6-2.mp3?alt=media&token=4554c18c-61fd-45dc-90c5-663cffaa53e0'),(237,'중세시대 공주 공부법 - 속삭임 없는 버전','SOUND',0,'https://i.pinimg.com/474x/20/b4/29/20b429fa110f950086d87f6f8e26a197.jpg',6,'https://firebasestorage.googleapis.com/v0/b/hugging-97603.appspot.com/o/Sound%2F6%2F6-3.mp3?alt=media&token=57f6afc5-8da7-4b90-b240-32b927ae9a35'),(238,'지구는 우리의 것이 아니다 신비롭고 긴장감 넘치는 세계관 호라이즌 제로 던 ASMR','SOUND',0,'https://img2.quasarzone.com/editor/2020/09/14/084c1ed7fae146dbf11797e1a81b8e7e.jpg',7,'https://firebasestorage.googleapis.com/v0/b/hugging-97603.appspot.com/o/Sound%2F6%2F6-4.mp3?alt=media&token=1d40d717-e7ff-4374-968a-d78d383d6945'),(239,'지금 어디에 있나요 놀러오세요 낮잠 ASMR','SOUND',0,'https://i.pinimg.com/736x/68/2c/cd/682ccd17633c80f0633124a0aa33d490--paintings-of-nature-art-paintings.jpg',1,'https://firebasestorage.googleapis.com/v0/b/hugging-97603.appspot.com/o/Sound%2F6%2F6-5.mp3?alt=media&token=d88dcdd4-806c-4a2a-a5e5-06ac96ee5e4d'),(240,'지금은 행복한 거지 고요한 비행기 안 ASMR 에잇(Eight) by 아이유 Feat 슈가','SOUND',0,'https://i.pinimg.com/550x/e9/c7/36/e9c736221bb5f2738f34cee1a8834d2b.jpg',5,'https://firebasestorage.googleapis.com/v0/b/hugging-97603.appspot.com/o/Sound%2F6%2F6-6.mp3?alt=media&token=d0439036-5291-4452-98d8-64cc1fa300dd'),(241,'지나고 보니 참 좋았던 분위기 한여름의 교실 매미소리 들으며 공부하는 ASMR','SOUND',0,'https://mir-s3-cdn-cf.behance.net/project_modules/max_1200/b02f9c28720751.55ce527c78327.png',2,'https://firebasestorage.googleapis.com/v0/b/hugging-97603.appspot.com/o/Sound%2F6%2F6-7.mp3?alt=media&token=0844cc12-e30a-4aa7-b8bb-de27b4edba4a'),(242,'집에서 즐기는 여름밤 바이브 한강공원 혜원과 지훈의 이야기','SOUND',0,'https://i.pinimg.com/originals/3b/90/88/3b9088a87a357f31a21136bcbec985ca.jpg',1,'https://firebasestorage.googleapis.com/v0/b/hugging-97603.appspot.com/o/Sound%2F6%2F6-8.mp3?alt=media&token=8338aaa6-e2aa-4f44-a716-37e853b98535'),(243,'집중 잘 안 되죠 이리 와봐요 더운 여름 공부하기 딱 좋은 시골집 대청마루','SOUND',0,'https://min-chi.material.jp/wp-content/uploads/japanese_corridor_1.jpg',6,'https://firebasestorage.googleapis.com/v0/b/hugging-97603.appspot.com/o/Sound%2F6%2F6-9.mp3?alt=media&token=5368e83a-fe66-4cee-b62c-7bce2e82d00d'),(244,'집중 챌린지 깊은밤 벽난로 장작 소리 집중 빡! 강력한 뽀모도로 공부법','SOUND',0,'https://ae01.alicdn.com/kf/Hec2998e9a3364bb299a7a4040c5342ebw/6.jpg',5,'https://firebasestorage.googleapis.com/v0/b/hugging-97603.appspot.com/o/Sound%2F6%2F6-10.mp3?alt=media&token=0955e309-7453-4aad-b91d-4133a991b645'),(245,'집중 챌린지 Lv4 잠깨는 천둥소리와 빗소리 단기 집중력 강화! 뽀모도로 공부법','SOUND',0,'https://i.ytimg.com/vi/5uPCUfnII-g/maxresdefault.jpg',1,'https://firebasestorage.googleapis.com/v0/b/hugging-97603.appspot.com/o/Sound%2F6%2F6-11.mp3?alt=media&token=0a1602d2-ed3c-49ab-b2ba-76ad0952be63'),(246,'집중하세요 달빛과 마나의 흐름으로 황홀한 마법의 도서관과 그림자달 시장 로스트아크','SOUND',0,'https://d3kxs6kpbh59hp.cloudfront.net/community/COMMUNITY/ed6e4b5258094f36b3921504c62e2c6c/b6b807c4c5ce47adbe13835f6b075dce_1588749867.jpg',7,'https://firebasestorage.googleapis.com/v0/b/hugging-97603.appspot.com/o/Sound%2F6%2F6-12.mp3?alt=media&token=ee8c64de-f38b-4201-8418-ac060f42981f'),(247,'차가운 피부 힘 인간의 피 비오는 밤·벨라의 방 ASMR (영화 트와일라잇)','SOUND',0,'https://i.ytimg.com/vi/uXFx7DGm4WM/maxresdefault.jpg',9,'https://firebasestorage.googleapis.com/v0/b/hugging-97603.appspot.com/o/Sound%2F6%2F6-13.mp3?alt=media&token=fed9d536-5fcc-43d4-89a9-5533c47ee8bb'),(248,'찬란한 별빛이 하늘을 수놓은 밤 알퐁스 도데 “별” ASMR','SOUND',0,'https://post-phinf.pstatic.net/MjAyMjAyMTJfMjg4/MDAxNjQ0NjQ0MzI1NjM2.0qsITbSNq_G65SBCDwz7txa18xNjw_GsW-tloZ9OGRgg.iijufj0Gw2eZa2dQWlfmhgpwgD32Tn6Mogr9ZLhGiu8g.JPEG/IMG_9299.jpg?type=w1200',3,'https://firebasestorage.googleapis.com/v0/b/hugging-97603.appspot.com/o/Sound%2F6%2F6-14.mp3?alt=media&token=70eaa425-18aa-4006-9487-3aa2dbcb601e'),(249,'창의력이 필요할 때 듣기 딱 좋은 소리들 호그와트 비행수업 Music','SOUND',0,'https://img.hani.co.kr/imgdb/resize/2005/1212/02879299_20051212.JPG',8,'https://firebasestorage.googleapis.com/v0/b/hugging-97603.appspot.com/o/Sound%2F6%2F6-15.mp3?alt=media&token=b2ac2040-16da-4eb3-aef4-adf6e357613b'),(250,'책만 보시니 하인리 섭섭 나비에와 하인리의 침실 자기전에 듣기 좋은 ASMR','SOUND',0,'https://blog.kakaocdn.net/dn/SlOVp/btqDjHhvRRt/ENyiXBhVRKJNfl8UWTjVP1/img.png',9,'https://firebasestorage.googleapis.com/v0/b/hugging-97603.appspot.com/o/Sound%2F6%2F6-16.mp3?alt=media&token=a26e2f3e-bf3d-4656-b38b-0441fdadddc0'),(251,'첫 번째 이야기 ASMR Ambience Ambience 낮잠·NZ 입체음향','SOUND',0,'https://post-phinf.pstatic.net/MjAyMTAxMDdfMTE1/MDAxNjEwMDAzMTE2MDc2.2FG7wgLAoqPyzRj6xgWO1C8DF7HAXwKmuuJM2A6PwNgg.sOqFTLKUnGjSVj0uRZSNcyKSGNym24BOJ8JJiaOIfQwg.JPEG/1.jpg?type=w1200',5,'https://firebasestorage.googleapis.com/v0/b/hugging-97603.appspot.com/o/Sound%2F6%2F6-17.mp3?alt=media&token=7969d5ae-0286-4b0a-9630-5b00b2673a01'),(252,'촉촉한 공기를 위한 온라인 가습기 바닷속 피아노 ASMR','SOUND',0,'https://mblogthumb-phinf.pstatic.net/MjAxODA2MjdfNTQg/MDAxNTMwMTA2NDY1ODU0.Fx-_w-mfhexIIP-z5NUbokPqEevSd_MInlxxHBF3kdwg.thvDWmLaluq-Tvy2UfPylEwC2khrYPoxDizdsi36EY8g.JPEG.rama707/IMG_7727.jpg?type=w800',4,'https://firebasestorage.googleapis.com/v0/b/hugging-97603.appspot.com/o/Sound%2F6%2F6-18.mp3?alt=media&token=89564e66-458f-4247-82ea-dcba93a3c534'),(253,'춤 추실 줄 압니까 나비잠 스토리 릴레이 ASMR','SOUND',0,'https://cdn.pixabay.com/photo/2018/08/21/23/39/night-3622557_960_720.jpg',12,'https://firebasestorage.googleapis.com/v0/b/hugging-97603.appspot.com/o/Sound%2F6%2F6-19.mp3?alt=media&token=ce7ded92-8005-4a17-8e16-ceec2b8c5b15'),(254,'충분히 재능있어요 유쾌한 재즈가 흐르는 라이트하우스 라라랜드 테마 카페 ASMR','SOUND',0,'https://t1.daumcdn.net/cfile/tistory/9965F6355A62EEE216',12,'https://firebasestorage.googleapis.com/v0/b/hugging-97603.appspot.com/o/Sound%2F6%2F6-20.mp3?alt=media&token=493473a4-f94e-4d26-9cd2-b6bfbe4e979c'),(255,'친애하는 나의 밤하늘에게 시험 전날 밤에 들어요 깊은 밤 욕조 안 ASMR 낮잠 Ambience','SOUND',0,'https://tmtt.ghost.io/content/images/2018/03/Untitled-1-3.jpg',4,'https://firebasestorage.googleapis.com/v0/b/hugging-97603.appspot.com/o/Sound%2F6%2F6-21.mp3?alt=media&token=0a6b3c04-aafb-419a-84be-cce4047b0611'),(256,'카드 한 판 정도는 괜찮잖아 더 위쳐 카드 게임 궨트를 즐기는 게롤트 ASMR(게임 위쳐3)','SOUND',0,'https://static.cdprojektred.com/cms.cdprojektred.com/16x9_big/9cea4b83a970a5ed34feb201bc92a7108b802ea1-1920x1080.png',7,'https://firebasestorage.googleapis.com/v0/b/hugging-97603.appspot.com/o/Sound%2F6%2F6-22.mp3?alt=media&token=c1a3928a-4d4a-4c00-b1b6-7c812a21d140'),(257,'커다란 고기 조각과 달큰한 중세 판타지 속으로 2 보글보글 숲속의 부엌 ASMR','SOUND',0,'https://img.freepik.com/premium-photo/vintage-kitchen-room-in-ancient-castle-europe-traditional-european-architecture-famous-places-for-tourism-and-travel-medieval-cuisine-interior-dishes-and-utensils_266732-22332.jpg',5,'https://firebasestorage.googleapis.com/v0/b/hugging-97603.appspot.com/o/Sound%2F6%2F6-23.mp3?alt=media&token=72fb8022-fce7-4f58-8150-e40355ac2c66'),(258,'크리스마스 따위 즐겨줄 생각 없어 말포이의 공부 ASMR','SOUND',0,'https://i.pinimg.com/736x/47/67/14/4767143244d514dfee06a109702e2e51.jpg',8,'https://firebasestorage.googleapis.com/v0/b/hugging-97603.appspot.com/o/Sound%2F6%2F6-24.mp3?alt=media&token=26878fc4-0329-42b4-b435-cbf3e0740f1f'),(259,'크리스마스 말포이의 공부 No Inaudiable Sounds Ver','SOUND',0,'https://i.pinimg.com/736x/47/67/14/4767143244d514dfee06a109702e2e51.jpg',8,'https://firebasestorage.googleapis.com/v0/b/hugging-97603.appspot.com/o/Sound%2F6%2F6-25.mp3?alt=media&token=526e5ac2-5c0d-4ba9-b9d9-faca208e0e1a'),(260,'톰 리들 필요의 방 - 속삭임 없는 버전','SOUND',0,'https://obj-sg.thewiki.kr/data/65787465726e616c2f696d61676573342e77696b69612e6e6f636f6f6b69652e6e65742f526f725f6f6f74705f6d6f7669652e706e67.png',8,'https://firebasestorage.googleapis.com/v0/b/hugging-97603.appspot.com/o/Sound%2F6%2F6-26.mp3?alt=media&token=74a6bade-68eb-4a65-8d10-b4b780f41336'),(261,'ㅍㅡㄹㅗㅌㅣㄴ 소름일까 팅글일까 스위트홈 (웹툰, 드라마 스위트홈)','SOUND',0,'https://news.nateimg.co.kr/orgImg/my/2020/12/15/202012151150779712_1.jpg',9,'https://firebasestorage.googleapis.com/v0/b/hugging-97603.appspot.com/o/Sound%2F6%2F6-28.mp3?alt=media&token=a254b338-0653-454a-ab44-1d95fc549474'),(262,'판타지 세계관 속 트루러브 자야와 라칸의 아늑한 휴식 ASMR (게임 LoL)','SOUND',0,'https://firebasestorage.googleapis.com/v0/b/hugging-97603.appspot.com/o/image%2F6%2F29.jpeg?alt=media&token=c6d089ba-0ebe-4d9d-a088-0ec48db20f53',7,'https://firebasestorage.googleapis.com/v0/b/hugging-97603.appspot.com/o/Sound%2F6%2F6-29.mp3?alt=media&token=c70e8b16-5f68-46a6-80ba-d9c11ddb125f'),(263,'페이커 형님보다 더어 노을진 옥탑방 혜원과 지훈의 시험공부 ASMR','SOUND',0,'https://image.ohou.se/i/bucketplace-v2-development/uploads/cards/projects/1537632293089_zo2.jpg?gif=1&w=480',6,'https://firebasestorage.googleapis.com/v0/b/hugging-97603.appspot.com/o/Sound%2F6%2F6-30.mp3?alt=media&token=da857035-4d9d-4256-88bc-156413e06a1c'),(264,'퐁당! 당신은 구름 속에 빠졌습니다! 바스락 구름 속 판타지 ASMR','SOUND',0,'https://mblogthumb-phinf.pstatic.net/MjAxNzA4MDZfMTcz/MDAxNTAyMDMxMTg0NTA5.BVr2uUIlgXMzzDrbW9GdEeca9fGtEKtvCAnjPURUXAkg.hmVUv77OoUGgdAccQs2lyrjaRb2B8PFWr4u1oUGpDvQg.JPEG.cloud_jw/NaverBlog_20170806_235304_10.jpg?type=w800',10,'https://firebasestorage.googleapis.com/v0/b/hugging-97603.appspot.com/o/Sound%2F6%2F6-31.mp3?alt=media&token=236b4532-7f68-4ff2-a32e-6ae2967ae935'),(265,'하루의 끝 나를 위한 시간 음악 그리고 지하철 막차 ASMR ','SOUND',0,'https://i.pinimg.com/originals/a3/5b/20/a35b201e5fc9599229b0c1d46bc864e3.jpg',5,'https://firebasestorage.googleapis.com/v0/b/hugging-97603.appspot.com/o/Sound%2F6%2F6-32.mp3?alt=media&token=59f39988-931f-4971-b6ca-6aa6fec82826'),(266,'한산섬 달 밝은 밤 수루에 홀로 앉아 충무공 이순신·한산도가 ASMR','SOUND',0,'https://cdn.rnx.kr/news/photo/202208/306966_314672_446.jpeg',13,'https://firebasestorage.googleapis.com/v0/b/hugging-97603.appspot.com/o/Sound%2F6%2F6-33.mp3?alt=media&token=bad4e347-d266-4dad-bc84-4d05ac09cd98'),(267,'한여름 친구네 자취방에서wav 모죠의 일지 ASMR 유쾌한 웹툰 Ambience 낮잠 입체음향','SOUND',0,'https://firebasestorage.googleapis.com/v0/b/hugging-97603.appspot.com/o/image%2F6%2F34.png?alt=media&token=235ffaf9-aa78-4f95-b5e2-02aa306b7a51',1,'https://firebasestorage.googleapis.com/v0/b/hugging-97603.appspot.com/o/Sound%2F6%2F6-34.mp3?alt=media&token=db1abf4b-292c-4467-aab7-805cd6af716c'),(268,'해리 론 공부는 언제 하니 마법사 체스·헤르미온느의 공부 ASMR','SOUND',0,'https://mblogthumb-phinf.pstatic.net/20160913_174/luckyviolet_14737700732542ct9Y_JPEG/NaverBlog_20160913_213433_22.jpg?type=w2',8,'https://firebasestorage.googleapis.com/v0/b/hugging-97603.appspot.com/o/Sound%2F6%2F6-35.mp3?alt=media&token=a4e4909f-663d-4919-a2b9-b1f1793dde48'),(269,'헤르미온느의 공부 3탄 해그리드의 오두막 - 속삭임 없는 버전','SOUND',0,'https://pbs.twimg.com/media/EPwvpjoUEAAUYgl.jpg',8,'https://firebasestorage.googleapis.com/v0/b/hugging-97603.appspot.com/o/Sound%2F6%2F6-36.mp3?alt=media&token=3dbecb0c-f2e9-498f-bd39-1d7018a9c4a8'),(270,'헤르미온느의 방 - 속삭임 없는 버전','SOUND',0,'https://blog.kakaocdn.net/dn/cYB2kJ/btqD6mjfMrJ/Vu8hYJGcABipBuMIdBMKQ1/img.jpg',8,'https://firebasestorage.googleapis.com/v0/b/hugging-97603.appspot.com/o/Sound%2F6%2F6-37.mp3?alt=media&token=e809cbda-ed4c-4dc9-89cd-72f60a04ac5e'),(271,'헤이 클로이랑 제프 분위기 봤어 레트로 풀파티 ASMR','SOUND',0,'http://www.wedding21news.co.kr/news/photo/201908/219857_26458_2956.jpg',12,'https://firebasestorage.googleapis.com/v0/b/hugging-97603.appspot.com/o/Sound%2F6%2F6-38.mp3?alt=media&token=f7aad808-a251-45cb-97cc-9e91e03a89bb'),(272,'현시성의 가난한 떠돌이 아이동양마법학교 주작궁 편 ASMR','SOUND',0,'http://file3.instiz.net/data/file3/2018/01/26/6/b/b/6bb096a64a45e4e8f767e6650c184783.jpg',10,'https://firebasestorage.googleapis.com/v0/b/hugging-97603.appspot.com/o/Sound%2F6%2F6-39.mp3?alt=media&token=4a54a0ab-6402-4754-8a57-2551630ba72d'),(273,'혜원과 지훈의 이야기고전영화를 감상하는 비오는 수업시간 ASMR','SOUND',0,'https://i.imgur.com/rvtTJHz.jpg',2,'https://firebasestorage.googleapis.com/v0/b/hugging-97603.appspot.com/o/Sound%2F6%2F6-40.mp3?alt=media&token=692a7f67-8a83-46ae-8557-7a8b632bc73e'),(274,'호그와트 급행열차 안 헤르미온느의 공부 - 속삭임 없는 버전','SOUND',0,'https://t1.daumcdn.net/cfile/blog/99D7FB33599075D535',8,'https://firebasestorage.googleapis.com/v0/b/hugging-97603.appspot.com/o/Sound%2F6%2F6-41.mp3?alt=media&token=d757e872-7476-4739-9988-7785ac515e9f'),(275,'혼돈의 집중 챌린지 Lv1 기침 빌런의 재림  시험 ASMR Ambience','SOUND',0,'https://www.sjpost.co.kr/news/photo/201709/20851_17566_2043.jpg',6,'https://firebasestorage.googleapis.com/v0/b/hugging-97603.appspot.com/o/Sound%2F6%2F6-42.mp3?alt=media&token=a822285f-e8b7-4fef-b1d3-35b5cc671d6d'),(276,'혼돈의 집중 챌린지 Lv2 대자연의 역습  시험장 ASMR Ambience','SOUND',0,'https://vitahani.com/assets/20190626091415.jpg',6,'https://firebasestorage.googleapis.com/v0/b/hugging-97603.appspot.com/o/Sound%2F6%2F6-43.mp3?alt=media&token=fcdc322b-de26-45df-b236-3092b0940fdb'),(277,'혼돈의 집중 챌린지 Lv3 천둥 도서관과 세 명의 사서들 ASMR','SOUND',0,'https://st2.depositphotos.com/4541049/7791/i/450/depositphotos_77918002-stock-photo-storm-sky-over-rye-field.jpg',6,'https://firebasestorage.googleapis.com/v0/b/hugging-97603.appspot.com/o/Sound%2F6%2F6-44.mp3?alt=media&token=c632e6ae-8d23-49c1-827a-b34dde75c1a5'),(278,'혼자여도 괜찮아요 크리스마스 재즈 파티 탈출 ASMR','SOUND',0,'https://t1.daumcdn.net/cfile/tistory/2302533E52B38EC535',12,'https://firebasestorage.googleapis.com/v0/b/hugging-97603.appspot.com/o/Sound%2F6%2F6-45.mp3?alt=media&token=3cf6dfba-7b79-4f88-a316-78066b91c58c'),(279,'힘든 시간을 버텨주어 고맙습니다 가을저녁 노을빛 티하우스 ASMR Ambience','SOUND',0,'https://ktxmagazine.kr/upload/NPFILE/202010/431072.jpg',5,'https://firebasestorage.googleapis.com/v0/b/hugging-97603.appspot.com/o/Sound%2F6%2F6-46.mp3?alt=media&token=fd57d274-6605-45f6-9b87-c679629cb52b'),(280,'힘들고 싫었던 것들은 놓고 오고 싶어 희망을 연주하는 겨울바다 ASMR Ambience','SOUND',0,'https://t1.daumcdn.net/thumb/R1280x0/?fname=http://t1.daumcdn.net/brunch/service/user/STq/image/JOIS-I-f9V4S6mZZXw18qJYyiN4',4,'https://firebasestorage.googleapis.com/v0/b/hugging-97603.appspot.com/o/Sound%2F6%2F6-47.mp3?alt=media&token=9da70b16-f64f-40af-9148-f34397ecfe53'),(281,'ASMR 자장가 심신 안정에 도움을 주는 숲소리','SOUND',0,'test.url',1,'https://firebasestorage.googleapis.com/v0/b/hugging-97603.appspot.com/o/Sound%2F7%2F1%2F7-1.mp3?alt=media&token=79636290-5b30-4df1-ae17-8e4834e6a1cc'),(282,'풀벌레 우는 고요한 밤','SOUND',0,'test.url',3,'https://firebasestorage.googleapis.com/v0/b/hugging-97603.appspot.com/o/Sound%2F7%2F1%2F7-2.mp3?alt=media&token=bb9ace0f-34d1-4c51-8c0c-d8695f720662'),(283,'숲 속의 아늑한 밤과 캠프파이어','SOUND',0,'test.url',3,'https://firebasestorage.googleapis.com/v0/b/hugging-97603.appspot.com/o/Sound%2F7%2F1%2F7-3.mp3?alt=media&token=7a2e747d-907c-4f76-9a7d-d724937398d4'),(284,'고요한 숲 속 바람과 개구리','SOUND',0,'test.url',3,'https://firebasestorage.googleapis.com/v0/b/hugging-97603.appspot.com/o/Sound%2F7%2F1%2F7-4.mp3?alt=media&token=7e7d3198-c70f-4c21-81a7-1cf7f848269b'),(285,'영사실 안 필름 돌아가는 소리','SOUND',0,'test.url',5,'https://firebasestorage.googleapis.com/v0/b/hugging-97603.appspot.com/o/Sound%2F7%2F1%2F7-5.mp3?alt=media&token=a4be7f3f-7ce2-417c-9475-3315d862a7f9'),(286,'세탁기 소리','SOUND',0,'test.url',6,'https://firebasestorage.googleapis.com/v0/b/hugging-97603.appspot.com/o/Sound%2F7%2F1%2F7-6.mp3?alt=media&token=41991194-5b63-47f7-b369-c2bd8899550b'),(287,'전기주전자 소리','SOUND',0,'test.url',11,'https://firebasestorage.googleapis.com/v0/b/hugging-97603.appspot.com/o/Sound%2F7%2F1%2F7-7.mp3?alt=media&token=4664f295-fb6d-4567-9f97-06e87271b8e6'),(288,'커피 그라인더 분쇄 소리','SOUND',0,'test.url',11,'https://firebasestorage.googleapis.com/v0/b/hugging-97603.appspot.com/o/Sound%2F7%2F1%2F7-8.mp3?alt=media&token=b47ae087-45d1-48f4-8d28-198a653c9370'),(289,'커피 드립하는 소리','SOUND',0,'test.url',11,'https://firebasestorage.googleapis.com/v0/b/hugging-97603.appspot.com/o/Sound%2F7%2F1%2F7-9.mp3?alt=media&token=313f596b-cc11-475d-99fa-2639d9a47117'),(290,'씹는 소리가 더 맛있는 수박 먹는 소리','SOUND',0,'test.url',5,'https://firebasestorage.googleapis.com/v0/b/hugging-97603.appspot.com/o/Sound%2F7%2F2%2F7-10.mp3?alt=media&token=24895700-cdc2-46a3-bfc7-0691804201d2'),(291,'찰진 양갱 먹는 소리','SOUND',0,'test.url',5,'https://firebasestorage.googleapis.com/v0/b/hugging-97603.appspot.com/o/Sound%2F7%2F2%2F7-11.mp3?alt=media&token=66123429-5340-4554-9bda-164ba6ac12d8'),(292,'강아지가 좋아하는 음악 점심 시간','SOUND',0,'test.url',5,'https://firebasestorage.googleapis.com/v0/b/hugging-97603.appspot.com/o/Sound%2F7%2F2%2F7-12.mp3?alt=media&token=d05c4209-e84e-4d3e-9de1-516763b84bd1'),(293,'벽난로 ASMR','SOUND',0,'test.url',1,'https://firebasestorage.googleapis.com/v0/b/hugging-97603.appspot.com/o/Sound%2F7%2F2%2F7-13.mp3?alt=media&token=ba60a429-75b5-436b-9fe5-bdf75de92fbb'),(294,'아파트 놀이터 ASMR','SOUND',0,'test.url',6,'https://firebasestorage.googleapis.com/v0/b/hugging-97603.appspot.com/o/Sound%2F7%2F2%2F7-14.mp3?alt=media&token=2164776d-8010-491e-aea7-1254c4fcdca8'),(295,'책 넘기는 소리 ASMR','SOUND',0,'test.url',11,'https://firebasestorage.googleapis.com/v0/b/hugging-97603.appspot.com/o/Sound%2F7%2F2%2F7-15.mp3?alt=media&token=ca4f9797-cd4f-41a0-8991-99e199304444'),(296,'도로소음 ASMR','SOUND',0,'test.url',6,'https://firebasestorage.googleapis.com/v0/b/hugging-97603.appspot.com/o/Sound%2F7%2F2%2F7-16.mp3?alt=media&token=43a9fba0-6589-433d-bf4d-64ab05c50c16'),(297,'볼펜으로 글씨쓰는 소리 ASMR','SOUND',0,'test.url',11,'https://firebasestorage.googleapis.com/v0/b/hugging-97603.appspot.com/o/Sound%2F7%2F2%2F7-17.mp3?alt=media&token=143e17af-8f80-4ccf-bd02-5754b3f43173'),(298,'백색소음 (파도소리)','SOUND',0,'test.url',4,'https://firebasestorage.googleapis.com/v0/b/hugging-97603.appspot.com/o/Sound%2F7%2F2%2F7-18.mp3?alt=media&token=5a290ae8-024c-4e0d-af85-697e460670a9'),(299,'설레이는 비행기 이륙 전 안내방송','SOUND',0,'test.url',10,'https://firebasestorage.googleapis.com/v0/b/hugging-97603.appspot.com/o/Sound%2F7%2F2%2F7-19.mp3?alt=media&token=c1faf0a9-769d-47bb-ab76-66ef2d3d45f5'),(300,'마음을 편안하게 해주는 새소리','SOUND',0,'test.url',3,'https://firebasestorage.googleapis.com/v0/b/hugging-97603.appspot.com/o/Sound%2F7%2F3%2F7-20.mp3?alt=media&token=03afaab5-fbe8-4567-b57b-67c20054cb6c'),(301,'피톤치드 향기 맡으며 듣는 숲 빗소리','SOUND',0,'test.url',3,'https://firebasestorage.googleapis.com/v0/b/hugging-97603.appspot.com/o/Sound%2F7%2F3%2F7-21.mp3?alt=media&token=fd2278fb-43b8-42ce-9872-c5106390d56a'),(302,'종이 만지는 ASMR','SOUND',0,'test.url',11,'https://firebasestorage.googleapis.com/v0/b/hugging-97603.appspot.com/o/Sound%2F7%2F3%2F7-22.mp3?alt=media&token=87a7651c-2bdd-4748-a5a4-471aabbfcb1b'),(303,'모닥불소리+빗소리 ASMR','SOUND',1,'test.url',1,'https://firebasestorage.googleapis.com/v0/b/hugging-97603.appspot.com/o/Sound%2F7%2F3%2F7-23.mp3?alt=media&token=26973bd8-15c1-489e-ae19-b1599951567c'),(304,'그때 넌 무슨 생각 했어(잔잔한 빗소리)','SOUND',0,'test.url',12,'https://firebasestorage.googleapis.com/v0/b/hugging-97603.appspot.com/o/Sound%2F7%2F3%2F7-24.mp3?alt=media&token=5c508292-bce1-43ef-8113-6b9e57538ec3'),(305,'고요(잔잔한빗소리)','SOUND',0,'test.url',12,'https://firebasestorage.googleapis.com/v0/b/hugging-97603.appspot.com/o/Sound%2F7%2F3%2F7-25.mp3?alt=media&token=e11e447c-dcda-4b55-93eb-1b7c1d9ee0c4'),(306,'매미 우는 숲속 강물 소리','SOUND',0,'test.url',3,'https://firebasestorage.googleapis.com/v0/b/hugging-97603.appspot.com/o/Sound%2F7%2F3%2F7-26.mp3?alt=media&token=efbf6107-831a-45e9-a592-a454e8249ceb'),(307,'팝콘 먹방 영화관','SOUND',62,'https://firebasestorage.googleapis.com/v0/b/hugging-97603.appspot.com/o/image%2F4%2F%EC%98%81%ED%99%94%EA%B4%80.PNG?alt=media&token=1b1b107b-de14-44ee-b7d6-737bdc56c8fc',6,'https://firebasestorage.googleapis.com/v0/b/hugging-97603.appspot.com/o/Sound%2F7%2F3%2F7-27.mp3?alt=media&token=80d64321-d972-4bb9-b163-20d638e2e610'),(308,'공부할 때 글씨쓰는 ASMR','SOUND',0,'https://firebasestorage.googleapis.com/v0/b/hugging-97603.appspot.com/o/image%2F4%2F%EA%B3%B5%EB%B6%80.PNG?alt=media&token=07bcdad0-2320-4300-bfd1-1f3138d73634',2,'https://firebasestorage.googleapis.com/v0/b/hugging-97603.appspot.com/o/Sound%2F7%2F3%2F7-27.mp3?alt=media&token=80d64321-d972-4bb9-b163-20d638e2e610'),(309,'슈베르트 자장가 + 빗소리 + 숲소리 ASMR','SOUND',0,'test.url',10,'https://firebasestorage.googleapis.com/v0/b/hugging-97603.appspot.com/o/Sound%2F7%2F3%2F7-29.mp3?alt=media&token=db04c6e9-acdb-472b-9c95-6e5e5ce9f04b'),(310,'틀어놓으면 잠이 드는 숙면을 위한 빗소리','SOUND',1,'https://firebasestorage.googleapis.com/v0/b/hugging-97603.appspot.com/o/image%2F4%2F%EB%B9%84%EB%B0%94%EB%9E%8C.PNG?alt=media&token=e1c3b58a-c020-4b7b-9d0b-51ad849d7214',10,'https://firebasestorage.googleapis.com/v0/b/hugging-97603.appspot.com/o/Sound%2F7%2F4%2F7-30.mp3?alt=media&token=383ca01a-8c6f-4718-aaf0-dc8204e22cd6');
/*!40000 ALTER TABLE `music` ENABLE KEYS */;
UNLOCK TABLES;

--
-- Table structure for table `music_category`
--

DROP TABLE IF EXISTS `music_category`;
/*!40101 SET @saved_cs_client     = @@character_set_client */;
/*!50503 SET character_set_client = utf8mb4 */;
CREATE TABLE `music_category` (
  `id` int NOT NULL AUTO_INCREMENT,
  `name` varchar(255) COLLATE utf8mb4_0900_as_cs DEFAULT NULL,
  `title` varchar(255) COLLATE utf8mb4_0900_as_cs DEFAULT NULL,
  PRIMARY KEY (`id`)
) ENGINE=InnoDB AUTO_INCREMENT=14 DEFAULT CHARSET=utf8mb4 COLLATE=utf8mb4_0900_as_cs;
/*!40101 SET character_set_client = @saved_cs_client */;

--
-- Dumping data for table `music_category`
--

LOCK TABLES `music_category` WRITE;
/*!40000 ALTER TABLE `music_category` DISABLE KEYS */;
INSERT INTO `music_category` VALUES (1,'자연','자연과 함께하는 힐링 ?'),(2,'학교','그리운 건 그 때의 우리, 오후의 교실 '),(3,'숲','탁 트인 숲에서 맑은 공기 마셔요?'),(4,'바다와물','울렁이는 마음이 파도와 함께 쓸려가기를 ?'),(5,'심신안정','잠시, 쉬어가요 ⛅'),(6,'공부','시험 100점 가능한 힐링 사운드 ?'),(7,'게임','들으면 롤 승급하는 노래 ?'),(8,'해리포터','그리핀도르의 어느 늦은 밤 ?'),(9,'영화와드라마','나만의 작은 영화관?'),(10,'수면','달님과 인사하는 밤 ?'),(11,'도서관과까페','커피를 귀로 마시는 마법 ☕️'),(12,'악기','기분 좋은 하루를 위한 밝은 선율?'),(13,'역사','타임머신타고 과거로 시간 여행 ⏱');
/*!40000 ALTER TABLE `music_category` ENABLE KEYS */;
UNLOCK TABLES;

--
-- Table structure for table `music_review`
--

DROP TABLE IF EXISTS `music_review`;
/*!40101 SET @saved_cs_client     = @@character_set_client */;
/*!50503 SET character_set_client = utf8mb4 */;
CREATE TABLE `music_review` (
  `id` int NOT NULL AUTO_INCREMENT,
  `score` int DEFAULT NULL,
  `member_id` int DEFAULT NULL,
  `music_id` int DEFAULT NULL,
  PRIMARY KEY (`id`),
  KEY `FK51ykies8mad2njfwq0rfdgg5i` (`member_id`),
  KEY `FKo6xg0h3w0a2l1hp24i6q0phlb` (`music_id`),
  CONSTRAINT `FK51ykies8mad2njfwq0rfdgg5i` FOREIGN KEY (`member_id`) REFERENCES `member` (`id`),
  CONSTRAINT `FKo6xg0h3w0a2l1hp24i6q0phlb` FOREIGN KEY (`music_id`) REFERENCES `music` (`id`)
) ENGINE=InnoDB AUTO_INCREMENT=1526 DEFAULT CHARSET=utf8mb4 COLLATE=utf8mb4_0900_as_cs;
/*!40101 SET character_set_client = @saved_cs_client */;

--
-- Dumping data for table `music_review`
--

LOCK TABLES `music_review` WRITE;
/*!40000 ALTER TABLE `music_review` DISABLE KEYS */;
INSERT INTO `music_review` VALUES (1,5,13,246),(2,4,7,1),(3,3,4,1),(4,2,31,1),(5,3,1,2),(6,4,3,2),(7,4,5,2),(8,3,7,3),(9,2,4,3),(10,3,6,3),(11,3,1,4),(12,2,7,4),(13,3,5,4),(14,3,1,5),(15,2,3,5),(16,5,6,5),(17,3,1,6),(18,3,4,6),(19,3,5,6),(20,4,7,7),(21,3,3,7),(22,2,6,7),(23,3,1,8),(24,4,4,8),(25,3,7,9),(26,2,3,9),(27,3,5,9),(28,3,1,10),(29,5,3,10),(30,5,6,10),(31,5,1,11),(32,4,3,11),(33,2,4,11),(34,3,5,11),(35,4,6,11),(36,5,7,12),(37,3,3,12),(38,3,5,12),(39,2,6,12),(40,4,7,13),(41,4,4,13),(42,4,6,14),(43,4,7,15),(44,2,3,15),(45,2,5,15),(46,5,6,15),(47,2,1,16),(48,5,3,16),(49,4,4,16),(50,2,6,16),(51,5,1,17),(52,3,7,17),(53,3,3,17),(54,5,5,17),(55,3,6,17),(56,3,7,18),(57,3,4,18),(58,3,6,18),(59,2,1,19),(60,3,3,19),(61,2,5,19),(62,3,7,20),(63,3,4,20),(64,5,6,20),(65,1,1,21),(66,4,7,21),(67,3,4,21),(68,4,5,21),(69,5,6,21),(70,2,7,22),(71,2,3,22),(72,2,4,22),(73,2,1,23),(74,4,5,23),(75,2,7,24),(76,3,3,24),(77,3,6,24),(78,2,4,25),(79,5,1,26),(80,3,7,26),(81,2,5,26),(82,1,6,26),(83,4,3,27),(84,2,4,27),(85,2,5,27),(86,4,1,28),(87,3,3,28),(88,3,5,28),(89,4,6,28),(90,2,7,29),(91,2,3,29),(92,3,5,29),(93,2,1,30),(94,3,3,30),(95,4,5,30),(96,4,6,30),(97,2,7,31),(98,4,4,31),(101,4,1,32),(102,4,1,33),(103,4,1,34),(104,1,1,35),(105,5,1,36),(106,4,1,37),(107,2,1,38),(108,3,1,39),(109,2,1,40),(110,3,1,41),(111,5,1,42),(112,1,1,43),(113,3,1,44),(114,5,1,45),(115,1,1,46),(116,5,1,47),(117,3,1,48),(118,3,1,49),(119,5,1,50),(120,5,1,51),(121,1,1,52),(122,2,1,53),(123,1,1,54),(124,1,1,55),(125,2,1,56),(126,5,1,57),(127,4,1,58),(128,2,1,59),(129,4,1,60),(130,5,1,61),(131,1,1,62),(132,5,1,63),(133,3,1,64),(134,2,1,65),(135,4,1,66),(136,2,1,67),(137,1,1,68),(138,5,1,69),(139,1,1,70),(140,1,1,71),(141,2,1,72),(142,3,1,73),(143,3,1,74),(144,4,1,75),(145,1,1,76),(146,5,1,77),(147,1,1,78),(148,3,1,79),(149,1,1,80),(150,2,1,81),(151,2,1,82),(152,5,1,83),(153,2,1,84),(154,5,1,85),(155,3,1,86),(156,3,1,87),(157,4,1,88),(158,1,1,89),(159,3,1,90),(160,5,1,91),(161,4,1,92),(162,1,1,93),(163,3,1,94),(164,2,1,95),(165,2,1,96),(166,1,1,97),(167,1,1,98),(168,1,1,99),(169,1,1,100),(170,4,1,101),(171,2,1,102),(172,3,1,103),(173,1,1,104),(174,5,1,105),(175,5,1,106),(176,3,1,107),(177,1,1,108),(178,3,1,109),(179,5,1,110),(180,3,1,111),(181,2,1,112),(182,4,1,113),(183,5,1,114),(184,5,1,115),(185,1,1,116),(186,5,1,117),(187,3,1,118),(188,4,1,119),(189,1,1,120),(190,4,1,121),(191,1,1,122),(192,2,1,123),(193,4,1,124),(194,5,1,125),(195,1,1,126),(196,5,1,127),(197,4,1,128),(198,4,1,129),(199,3,1,130),(200,4,1,131),(201,4,1,132),(202,1,1,133),(203,3,1,134),(204,2,1,135),(205,3,1,136),(206,4,1,137),(207,3,1,138),(208,1,1,139),(209,3,1,140),(210,5,1,141),(211,3,1,142),(212,2,1,143),(213,4,1,144),(214,3,1,145),(215,3,1,146),(216,2,1,147),(217,1,1,148),(218,4,1,149),(219,1,1,150),(220,5,1,151),(221,1,1,152),(222,1,1,153),(223,2,1,154),(224,3,1,155),(225,4,1,156),(226,3,1,157),(227,5,1,158),(228,3,1,159),(229,5,1,160),(230,5,1,161),(231,5,1,162),(232,4,1,163),(233,3,1,164),(234,1,1,165),(235,2,1,166),(236,2,1,167),(237,5,1,168),(238,5,1,169),(239,4,1,170),(240,4,1,171),(241,3,1,172),(242,5,1,173),(243,3,1,174),(244,1,1,175),(245,4,1,176),(246,5,1,177),(247,2,1,178),(248,2,1,179),(249,5,1,180),(250,4,1,181),(251,2,1,182),(252,5,1,183),(253,5,1,184),(254,4,1,185),(255,5,1,186),(256,2,1,187),(257,3,1,188),(258,1,1,189),(259,5,1,190),(260,1,1,191),(261,1,1,192),(262,4,1,193),(263,2,1,194),(264,2,1,195),(265,2,1,196),(266,1,1,197),(267,4,1,198),(268,2,1,199),(269,5,1,200),(270,2,1,201),(271,1,1,202),(272,5,1,203),(273,1,1,204),(274,4,1,205),(275,5,1,206),(276,2,1,207),(277,4,1,208),(278,3,1,209),(279,2,1,210),(280,5,1,211),(281,2,1,212),(282,3,1,213),(283,2,1,214),(284,1,1,215),(285,3,1,216),(286,4,1,217),(287,1,1,218),(288,3,1,219),(289,1,1,220),(290,5,1,221),(291,4,1,222),(292,2,1,223),(293,5,1,224),(294,3,1,225),(295,4,1,226),(296,4,1,227),(297,3,1,228),(298,4,1,229),(299,3,1,230),(300,4,1,231),(301,2,1,232),(302,3,1,233),(303,4,1,234),(304,4,1,235),(305,5,1,236),(306,5,1,237),(307,1,1,238),(308,1,1,239),(309,2,1,240),(310,5,1,241),(311,4,1,242),(312,5,1,243),(313,3,1,244),(314,5,1,245),(315,4,1,246),(316,1,1,247),(317,1,1,248),(318,5,1,249),(319,5,1,250),(320,1,1,251),(321,3,1,252),(322,2,1,253),(323,3,1,254),(324,5,1,255),(325,1,1,256),(326,1,1,257),(327,2,1,258),(328,1,1,259),(329,3,1,260),(330,5,1,261),(331,2,1,262),(332,3,1,263),(333,5,1,264),(334,4,1,265),(335,1,1,266),(336,5,1,267),(337,2,1,268),(338,5,1,269),(339,4,1,270),(340,4,1,271),(341,4,1,272),(342,3,1,273),(343,4,1,274),(344,1,1,275),(345,1,1,276),(346,1,1,277),(347,4,1,278),(348,1,1,279),(349,1,1,280),(350,1,1,281),(351,3,1,282),(352,1,1,283),(353,1,1,284),(354,4,1,285),(355,3,1,286),(356,5,1,287),(357,5,1,288),(358,5,1,289),(359,2,1,290),(360,5,1,291),(361,2,1,292),(362,2,1,293),(363,1,1,294),(364,2,1,295),(365,3,1,296),(366,1,1,297),(367,3,1,298),(368,2,1,299),(369,3,1,300),(370,1,1,301),(371,4,1,302),(372,5,1,303),(373,3,1,304),(374,5,1,305),(375,3,1,306),(376,1,1,307),(377,2,1,308),(378,5,1,309),(379,4,1,310),(380,5,7,32),(381,2,7,33),(382,4,7,34),(383,4,7,35),(384,4,7,36),(385,1,7,37),(386,3,7,38),(387,5,7,39),(388,3,7,40),(389,1,7,41),(390,2,7,42),(391,4,7,43),(392,4,7,44),(393,1,7,45),(394,5,7,46),(395,2,7,47),(396,3,7,48),(397,4,7,49),(398,3,7,50),(399,1,7,51),(400,3,7,52),(401,5,7,53),(402,3,7,54),(403,4,7,55),(404,4,7,56),(405,1,7,57),(406,4,7,58),(407,1,7,59),(408,1,7,60),(409,3,7,61),(410,2,7,62),(411,1,7,63),(412,1,7,64),(413,4,7,65),(414,1,7,66),(415,5,7,67),(416,1,7,68),(417,1,7,69),(418,2,7,70),(419,3,7,71),(420,4,7,72),(421,4,7,73),(422,3,7,74),(423,1,7,75),(424,5,7,76),(425,5,7,77),(426,1,7,78),(427,5,7,79),(428,3,7,80),(429,3,7,81),(430,2,7,82),(431,5,7,83),(432,3,7,84),(433,1,7,85),(434,5,7,86),(435,3,7,87),(436,1,7,88),(437,3,7,89),(438,4,7,90),(439,3,7,91),(440,2,7,92),(441,4,7,93),(442,4,7,94),(443,4,7,95),(444,1,7,96),(445,4,7,97),(446,5,7,98),(447,4,7,99),(448,1,7,100),(449,1,7,101),(450,5,7,102),(451,2,7,103),(452,3,7,104),(453,4,7,105),(454,4,7,106),(455,3,7,107),(456,5,7,108),(457,1,7,109),(458,2,7,110),(459,2,7,111),(460,3,7,112),(461,5,7,113),(462,2,7,114),(463,1,7,115),(464,3,7,116),(465,5,7,117),(466,1,7,118),(467,3,7,119),(468,5,7,120),(469,4,7,121),(470,4,7,122),(471,2,7,123),(472,5,7,124),(473,3,7,125),(474,4,7,126),(475,3,7,127),(476,3,7,128),(477,4,7,129),(478,1,7,130),(479,4,7,131),(480,5,7,132),(481,3,7,133),(482,4,7,134),(483,5,7,135),(484,3,7,136),(485,2,7,137),(486,3,7,138),(487,3,7,139),(488,3,7,140),(489,1,7,141),(490,3,7,142),(491,5,7,143),(492,1,7,144),(493,4,7,145),(494,1,7,146),(495,5,7,147),(496,5,7,148),(497,4,7,149),(498,2,7,150),(499,4,7,151),(500,2,7,152),(501,1,7,153),(502,5,7,154),(503,4,7,155),(504,1,7,156),(505,1,7,157),(506,4,7,158),(507,1,7,159),(508,3,7,160),(509,1,7,161),(510,1,7,162),(511,5,7,163),(512,2,7,164),(513,3,7,165),(514,4,7,166),(515,4,7,167),(516,3,7,168),(517,5,7,169),(518,3,7,170),(519,5,7,171),(520,2,7,172),(521,5,7,173),(522,4,7,174),(523,5,7,175),(524,2,7,176),(525,5,7,177),(526,3,7,178),(527,2,7,179),(528,2,7,180),(529,2,7,181),(530,5,7,182),(531,1,7,183),(532,4,7,184),(533,2,7,185),(534,1,7,186),(535,2,7,187),(536,3,7,188),(537,3,7,189),(538,5,7,190),(539,1,7,191),(540,4,7,192),(541,1,7,193),(542,2,7,194),(543,5,7,195),(544,3,7,196),(545,1,7,197),(546,1,7,198),(547,5,7,199),(548,4,7,200),(549,5,7,201),(550,1,7,202),(551,1,7,203),(552,4,7,204),(553,5,7,205),(554,1,7,206),(555,1,7,207),(556,3,7,208),(557,2,7,209),(558,5,7,210),(559,4,7,211),(560,5,7,212),(561,2,7,213),(562,5,7,214),(563,3,7,215),(564,2,7,216),(565,4,7,217),(566,3,7,218),(567,2,7,219),(568,5,7,220),(569,3,7,221),(570,2,7,222),(571,4,7,223),(572,5,7,224),(573,3,7,225),(574,3,7,226),(575,1,7,227),(576,4,7,228),(577,4,7,229),(578,3,7,230),(579,1,7,231),(580,4,7,232),(581,1,7,233),(582,4,7,234),(583,2,7,235),(584,4,7,236),(585,4,7,237),(586,4,7,238),(587,5,7,239),(588,4,7,240),(589,4,7,241),(590,3,7,242),(591,2,7,243),(592,2,7,244),(593,1,7,245),(594,1,7,246),(595,4,7,247),(596,1,7,248),(597,4,7,249),(598,5,7,250),(599,2,7,251),(600,1,7,252),(601,1,7,253),(602,2,7,254),(603,4,7,255),(604,5,7,256),(605,3,7,257),(606,1,7,258),(607,2,7,259),(608,4,7,260),(609,5,7,261),(610,5,7,262),(611,3,7,263),(612,1,7,264),(613,1,7,265),(614,4,7,266),(615,2,7,267),(616,2,7,268),(617,1,7,269),(618,2,7,270),(619,2,7,271),(620,3,7,272),(621,1,7,273),(622,2,7,274),(623,2,7,275),(624,3,7,276),(625,4,7,277),(626,1,7,278),(627,2,7,279),(628,4,7,280),(629,4,7,281),(630,1,7,282),(631,3,7,283),(632,5,7,284),(633,2,7,285),(634,2,7,286),(635,3,7,287),(636,3,7,288),(637,4,7,289),(638,2,7,290),(639,1,7,291),(640,5,7,292),(641,1,7,293),(642,1,7,294),(643,1,7,295),(644,3,7,296),(645,5,7,297),(646,4,7,298),(647,5,7,299),(648,1,7,300),(649,5,7,301),(650,1,7,302),(651,1,7,303),(652,2,7,304),(653,4,7,305),(654,3,7,306),(655,4,7,307),(656,3,7,308),(657,4,7,309),(658,2,7,310),(659,1,3,32),(660,2,3,33),(661,5,3,34),(662,3,3,35),(663,2,3,36),(664,2,3,37),(665,3,3,38),(666,3,3,39),(667,1,3,40),(668,4,3,41),(669,3,3,42),(670,5,3,43),(671,5,3,44),(672,5,3,45),(673,2,3,46),(674,1,3,47),(675,3,3,48),(676,3,3,49),(677,1,3,50),(678,3,3,51),(679,1,3,52),(680,4,3,53),(681,2,3,54),(682,1,3,55),(683,3,3,56),(684,5,3,57),(685,1,3,58),(686,2,3,59),(687,2,3,60),(688,2,3,61),(689,1,3,62),(690,1,3,63),(691,2,3,64),(692,4,3,65),(693,1,3,66),(694,2,3,67),(695,2,3,68),(696,5,3,69),(697,4,3,70),(698,3,3,71),(699,4,3,72),(700,1,3,73),(701,5,3,74),(702,4,3,75),(703,2,3,76),(704,4,3,77),(705,3,3,78),(706,2,3,79),(707,5,3,80),(708,4,3,81),(709,2,3,82),(710,2,3,83),(711,2,3,84),(712,2,3,85),(713,1,3,86),(714,4,3,87),(715,5,3,88),(716,4,3,89),(717,1,3,90),(718,5,3,91),(719,1,3,92),(720,1,3,93),(721,2,3,94),(722,2,3,95),(723,4,3,96),(724,3,3,97),(725,1,3,98),(726,1,3,99),(727,4,3,100),(728,3,3,101),(729,1,3,102),(730,1,3,103),(731,3,3,104),(732,1,3,105),(733,1,3,106),(734,3,3,107),(735,1,3,108),(736,1,3,109),(737,5,3,110),(738,1,3,111),(739,2,3,112),(740,1,3,113),(741,1,3,114),(742,1,3,115),(743,4,3,116),(744,2,3,117),(745,3,3,118),(746,4,3,119),(747,3,3,120),(748,2,3,121),(749,4,3,122),(750,1,3,123),(751,3,3,124),(752,2,3,125),(753,1,3,126),(754,3,3,127),(755,5,3,128),(756,5,3,129),(757,1,3,130),(758,1,3,131),(759,1,3,132),(760,1,3,133),(761,4,3,134),(762,2,3,135),(763,4,3,136),(764,5,3,137),(765,2,3,138),(766,5,3,139),(767,2,3,140),(768,1,3,141),(769,3,3,142),(770,1,3,143),(771,2,3,144),(772,4,3,145),(773,2,3,146),(774,4,3,147),(775,3,3,148),(776,5,3,149),(777,1,3,150),(778,1,3,151),(779,4,3,152),(780,1,3,153),(781,2,3,154),(782,5,3,155),(783,2,3,156),(784,4,3,157),(785,4,3,158),(786,2,3,159),(787,4,3,160),(788,3,3,161),(789,4,3,162),(790,3,3,163),(791,4,3,164),(792,4,3,165),(793,3,3,166),(794,2,3,167),(795,1,3,168),(796,5,3,169),(797,5,3,170),(798,5,3,171),(799,4,3,172),(800,1,3,173),(801,1,3,174),(802,1,3,175),(803,1,3,176),(804,2,3,177),(805,5,3,178),(806,1,3,179),(807,4,3,180),(808,3,3,181),(809,4,3,182),(810,5,3,183),(811,1,3,184),(812,1,3,185),(813,5,3,186),(814,5,3,187),(815,5,3,188),(816,5,3,189),(817,2,3,190),(818,3,3,191),(819,3,3,192),(820,2,3,193),(821,2,3,194),(822,2,3,195),(823,4,3,196),(824,4,3,197),(825,1,3,198),(826,4,3,199),(827,3,3,200),(828,5,3,201),(829,2,3,202),(830,4,3,203),(831,3,3,204),(832,2,3,205),(833,3,3,206),(834,5,3,207),(835,1,3,208),(836,2,3,209),(837,1,3,210),(838,5,3,211),(839,3,3,212),(840,2,3,213),(841,4,3,214),(842,1,3,215),(843,2,3,216),(844,4,3,217),(845,3,3,218),(846,3,3,219),(847,1,3,220),(848,5,3,221),(849,5,3,222),(850,1,3,223),(851,4,3,224),(852,1,3,225),(853,5,3,226),(854,3,3,227),(855,5,3,228),(856,1,3,229),(857,5,3,230),(858,5,3,231),(859,5,3,232),(860,1,3,233),(861,5,3,234),(862,4,3,235),(863,3,3,236),(864,5,3,237),(865,2,3,238),(866,1,3,239),(867,3,3,240),(868,3,3,241),(869,5,3,242),(870,5,3,243),(871,4,3,244),(872,5,3,245),(873,3,3,246),(874,4,3,247),(875,2,3,248),(876,5,3,249),(877,1,3,250),(878,5,3,251),(879,2,3,252),(880,4,3,253),(881,5,3,254),(882,1,3,255),(883,3,3,256),(884,4,3,257),(885,2,3,258),(886,5,3,259),(887,2,3,260),(888,5,3,261),(889,2,3,262),(890,3,3,263),(891,2,3,264),(892,1,3,265),(893,4,3,266),(894,5,3,267),(895,5,3,268),(896,1,3,269),(897,5,3,270),(898,4,3,271),(899,2,3,272),(900,5,3,273),(901,3,3,274),(902,1,3,275),(903,1,3,276),(904,1,3,277),(905,3,3,278),(906,4,3,279),(907,3,3,280),(908,5,3,281),(909,4,3,282),(910,2,3,283),(911,5,3,284),(912,2,3,285),(913,4,3,286),(914,3,3,287),(915,5,3,288),(916,3,3,289),(917,4,3,290),(918,2,3,291),(919,2,3,292),(920,4,3,293),(921,3,3,294),(922,3,3,295),(923,4,3,296),(924,5,3,297),(925,1,3,298),(926,1,3,299),(927,1,3,300),(928,1,3,301),(929,4,3,302),(930,2,3,303),(931,5,3,304),(932,3,3,305),(933,3,3,306),(934,3,3,307),(935,3,3,308),(936,3,3,309),(937,3,3,310),(963,3,4,32),(964,1,4,33),(965,5,4,34),(966,5,4,35),(967,3,4,36),(968,5,4,37),(969,5,4,38),(970,5,4,39),(971,2,4,40),(972,1,4,41),(973,3,4,42),(974,2,4,43),(975,5,4,44),(976,2,4,45),(977,5,4,46),(978,5,4,47),(979,4,4,48),(980,2,4,49),(981,5,4,50),(982,3,4,51),(983,1,4,52),(984,5,4,53),(985,3,4,54),(986,1,4,55),(987,2,4,56),(988,3,4,57),(989,2,4,58),(990,1,4,59),(991,4,4,60),(992,5,4,61),(993,5,4,62),(994,1,4,63),(995,3,4,64),(996,3,4,65),(997,4,4,66),(998,1,4,67),(999,4,4,68),(1000,5,4,69),(1001,3,4,70),(1002,2,4,71),(1003,3,4,72),(1004,3,4,73),(1005,4,4,74),(1006,2,4,75),(1007,3,4,76),(1008,3,4,77),(1009,1,4,78),(1010,2,4,79),(1011,4,4,80),(1012,3,4,81),(1013,4,4,82),(1014,4,4,83),(1015,1,4,84),(1016,2,4,85),(1017,5,4,86),(1018,2,4,87),(1019,3,4,88),(1020,1,4,89),(1021,5,4,90),(1022,1,4,91),(1023,4,4,92),(1024,1,4,93),(1025,3,4,94),(1026,4,4,95),(1027,4,4,96),(1028,3,4,97),(1029,3,4,98),(1030,4,4,99),(1031,1,4,100),(1032,4,4,101),(1033,2,4,102),(1034,2,4,103),(1035,5,4,104),(1036,2,4,105),(1037,2,4,106),(1038,3,4,107),(1039,1,4,108),(1040,5,4,109),(1041,5,4,110),(1042,5,4,111),(1043,2,4,112),(1044,1,4,113),(1045,1,4,114),(1046,2,4,115),(1047,3,4,116),(1048,2,4,117),(1049,4,4,118),(1050,2,4,119),(1051,3,4,120),(1052,4,4,121),(1053,3,4,122),(1054,3,4,123),(1055,1,4,124),(1056,4,4,125),(1057,1,4,126),(1058,5,4,127),(1059,5,4,128),(1060,4,4,129),(1061,2,4,130),(1062,1,4,131),(1063,5,4,132),(1064,1,4,133),(1065,1,4,134),(1066,1,4,135),(1067,2,4,136),(1068,1,4,137),(1069,5,4,138),(1070,3,4,139),(1071,2,4,140),(1072,5,4,141),(1073,5,4,142),(1074,1,4,143),(1075,4,4,144),(1076,2,4,145),(1077,5,4,146),(1078,3,4,147),(1079,2,4,148),(1080,3,4,149),(1081,4,4,150),(1082,2,4,151),(1083,2,4,152),(1084,3,4,153),(1085,1,4,154),(1086,1,4,155),(1087,3,4,156),(1088,2,4,157),(1089,5,4,158),(1090,3,4,159),(1091,2,4,160),(1092,5,4,161),(1093,5,4,162),(1094,4,4,163),(1095,1,4,164),(1096,2,4,165),(1097,2,4,166),(1098,4,4,167),(1099,3,4,168),(1100,4,4,169),(1101,1,4,170),(1102,3,4,171),(1103,5,4,172),(1104,2,4,173),(1105,1,4,174),(1106,1,4,175),(1107,1,4,176),(1108,3,4,177),(1109,2,4,178),(1110,4,4,179),(1111,5,4,180),(1112,3,4,181),(1113,5,4,182),(1114,4,4,183),(1115,5,4,184),(1116,2,4,185),(1117,5,4,186),(1118,4,4,187),(1119,2,4,188),(1120,4,4,189),(1121,3,4,190),(1122,2,4,191),(1123,5,4,192),(1124,5,4,193),(1125,4,4,194),(1126,3,4,195),(1127,5,4,196),(1128,1,4,197),(1129,2,4,198),(1130,3,4,199),(1131,1,4,200),(1132,5,4,201),(1133,1,4,202),(1134,4,4,203),(1135,5,4,204),(1136,5,4,205),(1137,3,4,206),(1138,4,4,207),(1139,5,4,208),(1140,2,4,209),(1141,4,4,210),(1142,3,4,211),(1143,5,4,212),(1144,4,4,213),(1145,2,4,214),(1146,3,4,215),(1147,4,4,216),(1148,1,4,217),(1149,5,4,218),(1150,5,4,219),(1151,1,4,220),(1152,2,4,221),(1153,3,4,222),(1154,3,4,223),(1155,2,4,224),(1156,3,4,225),(1157,5,4,226),(1158,3,4,227),(1159,5,4,228),(1160,3,4,229),(1161,5,4,230),(1162,4,4,231),(1163,5,4,232),(1164,2,4,233),(1165,2,4,234),(1166,5,4,235),(1167,5,4,236),(1168,4,4,237),(1169,4,4,238),(1170,4,4,239),(1171,5,4,240),(1172,5,4,241),(1173,1,4,242),(1174,3,4,243),(1175,3,4,244),(1176,3,4,245),(1177,3,4,246),(1178,4,4,247),(1179,5,4,248),(1180,3,4,249),(1181,2,4,250),(1182,2,4,251),(1183,2,4,252),(1184,2,4,253),(1185,4,4,254),(1186,5,4,255),(1187,2,4,256),(1188,4,4,257),(1189,2,4,258),(1190,2,4,259),(1191,1,4,260),(1192,4,4,261),(1193,5,4,262),(1194,3,4,263),(1195,3,4,264),(1196,5,4,265),(1197,1,4,266),(1198,3,4,267),(1199,2,4,268),(1200,2,4,269),(1201,3,4,270),(1202,4,4,271),(1203,3,4,272),(1204,4,4,273),(1205,4,4,274),(1206,2,4,275),(1207,2,4,276),(1208,4,4,277),(1209,4,4,278),(1210,3,4,279),(1211,2,4,280),(1212,5,4,281),(1213,3,4,282),(1214,5,4,283),(1215,2,4,284),(1216,5,4,285),(1217,5,4,286),(1218,2,4,287),(1219,3,4,288),(1220,4,4,289),(1221,1,4,290),(1222,3,4,291),(1223,1,4,292),(1224,2,4,293),(1225,4,4,294),(1226,1,4,295),(1227,4,4,296),(1228,5,4,297),(1229,5,4,298),(1230,2,4,299),(1231,1,4,300),(1232,2,4,301),(1233,1,4,302),(1234,1,4,303),(1235,1,4,304),(1236,5,4,305),(1237,3,4,306),(1238,3,4,307),(1239,5,4,308),(1240,3,4,309),(1241,2,4,310),(1242,2,5,32),(1243,4,5,33),(1244,5,5,34),(1245,3,5,35),(1246,1,5,36),(1247,1,5,37),(1248,2,5,38),(1249,1,5,39),(1250,2,5,40),(1251,3,5,41),(1252,5,5,42),(1253,3,5,43),(1254,3,5,44),(1255,2,5,45),(1256,5,5,46),(1257,2,5,47),(1258,2,5,48),(1259,1,5,49),(1260,3,5,50),(1261,4,5,51),(1262,5,5,52),(1263,4,5,53),(1264,3,5,54),(1265,5,5,55),(1266,3,5,56),(1267,2,5,57),(1268,3,5,58),(1269,4,5,59),(1270,2,5,60),(1271,4,5,61),(1272,5,5,62),(1273,5,5,63),(1274,4,5,64),(1275,1,5,65),(1276,3,5,66),(1277,1,5,67),(1278,5,5,68),(1279,2,5,69),(1280,3,5,70),(1281,4,5,71),(1282,5,5,72),(1283,5,5,73),(1284,5,5,74),(1285,3,5,75),(1286,2,5,76),(1287,3,5,77),(1288,5,5,78),(1289,2,5,79),(1290,5,5,80),(1291,1,5,81),(1292,5,5,82),(1293,2,5,83),(1294,5,5,84),(1295,4,5,85),(1296,4,5,86),(1297,3,5,87),(1298,3,5,88),(1299,2,5,89),(1300,5,5,90),(1301,4,5,91),(1302,1,5,92),(1303,3,5,93),(1304,5,5,94),(1305,1,5,95),(1306,2,5,96),(1307,4,5,97),(1308,4,5,98),(1309,2,5,99),(1310,3,5,100),(1311,3,5,101),(1312,5,5,102),(1313,1,5,103),(1314,1,5,104),(1315,1,5,105),(1316,3,5,106),(1317,1,5,107),(1318,3,5,108),(1319,5,5,109),(1320,2,5,110),(1321,2,5,111),(1322,2,5,112),(1323,3,5,113),(1324,1,5,114),(1325,5,5,115),(1326,3,5,116),(1327,5,5,117),(1328,3,5,118),(1329,4,5,119),(1330,3,5,120),(1331,5,5,121),(1332,3,5,122),(1333,5,5,123),(1334,2,5,124),(1335,5,5,125),(1336,1,5,126),(1337,2,5,127),(1338,3,5,128),(1339,5,5,129),(1340,4,5,130),(1341,5,5,131),(1342,4,5,132),(1343,2,5,133),(1344,1,5,134),(1345,4,5,135),(1346,5,5,136),(1347,4,5,137),(1348,4,5,138),(1349,2,5,139),(1350,5,5,140),(1351,5,5,141),(1352,5,5,142),(1353,4,5,143),(1354,3,5,144),(1355,2,5,145),(1356,4,5,146),(1357,1,5,147),(1358,5,5,148),(1359,4,5,149),(1360,4,5,150),(1361,3,5,151),(1362,3,5,152),(1363,2,5,153),(1364,4,5,154),(1365,1,5,155),(1366,4,5,156),(1367,4,5,157),(1368,5,5,158),(1369,1,5,159),(1370,1,5,160),(1371,5,5,161),(1372,3,5,162),(1373,2,5,163),(1374,2,5,164),(1375,4,5,165),(1376,5,5,166),(1377,1,5,167),(1378,2,5,168),(1379,4,5,169),(1380,4,5,170),(1381,1,5,171),(1382,3,5,172),(1383,4,5,173),(1384,4,5,174),(1385,2,5,175),(1386,5,5,176),(1387,2,5,177),(1388,4,5,178),(1389,2,5,179),(1390,3,5,180),(1391,1,5,181),(1392,1,5,182),(1393,2,5,183),(1394,5,5,184),(1395,3,5,185),(1396,5,5,186),(1397,4,5,187),(1398,5,5,188),(1399,4,5,189),(1400,4,5,190),(1401,1,5,191),(1402,2,5,192),(1403,1,5,193),(1404,1,5,194),(1405,3,5,195),(1406,1,5,196),(1407,1,5,197),(1408,2,5,198),(1409,4,5,199),(1410,2,5,200),(1411,3,5,201),(1412,2,5,202),(1413,2,5,203),(1414,2,5,204),(1415,3,5,205),(1416,4,5,206),(1417,5,5,207),(1418,4,5,208),(1419,2,5,209),(1420,4,5,210),(1421,3,5,211),(1422,1,5,212),(1423,2,5,213),(1424,3,5,214),(1425,2,5,215),(1426,4,5,216),(1427,3,5,217),(1428,3,5,218),(1429,3,5,219),(1430,3,5,220),(1431,3,5,221),(1432,1,5,222),(1433,4,5,223),(1434,1,5,224),(1435,2,5,225),(1436,5,5,226),(1437,5,5,227),(1438,4,5,228),(1439,3,5,229),(1440,1,5,230),(1441,3,5,231),(1442,1,5,232),(1443,3,5,233),(1444,3,5,234),(1445,4,5,235),(1446,5,5,236),(1447,1,5,237),(1448,5,5,238),(1449,3,5,239),(1450,1,5,240),(1451,4,5,241),(1452,2,5,242),(1453,2,5,243),(1454,3,5,244),(1455,3,5,245),(1456,3,5,246),(1457,3,5,247),(1458,4,5,248),(1459,4,5,249),(1460,4,5,250),(1461,4,5,251),(1462,3,5,252),(1463,4,5,253),(1464,4,5,254),(1465,4,5,255),(1466,2,5,256),(1467,1,5,257),(1468,5,5,258),(1469,5,5,259),(1470,5,5,260),(1471,4,5,261),(1472,5,5,262),(1473,5,5,263),(1474,1,5,264),(1475,4,5,265),(1476,5,5,266),(1477,5,5,267),(1478,4,5,268),(1479,4,5,269),(1480,5,5,270),(1481,3,5,271),(1482,4,5,272),(1483,5,5,273),(1484,2,5,274),(1485,2,5,275),(1486,5,5,276),(1487,4,5,277),(1488,5,5,278),(1489,3,5,279),(1490,4,5,280),(1491,4,5,281),(1492,5,5,282),(1493,5,5,283),(1494,3,5,284),(1495,1,5,285),(1496,3,5,286),(1497,5,5,287),(1498,1,5,288),(1499,2,5,289),(1500,1,5,290),(1501,4,5,291),(1502,1,5,292),(1503,5,5,293),(1504,4,5,294),(1505,1,5,295),(1506,5,5,296),(1507,2,5,297),(1508,4,5,298),(1509,4,5,299),(1510,3,5,300),(1511,3,5,301),(1512,3,5,302),(1513,4,5,303),(1514,4,5,304),(1515,5,5,305),(1516,2,5,306),(1517,2,5,307),(1518,5,5,308),(1519,5,5,309),(1520,5,5,310),(1521,5,1,1),(1522,4,10,307),(1523,5,10,29),(1524,4,105,1),(1525,3,179,307);
/*!40000 ALTER TABLE `music_review` ENABLE KEYS */;
UNLOCK TABLES;

--
-- Table structure for table `proceeding_mission`
--

DROP TABLE IF EXISTS `proceeding_mission`;
/*!40101 SET @saved_cs_client     = @@character_set_client */;
/*!50503 SET character_set_client = utf8mb4 */;
CREATE TABLE `proceeding_mission` (
  `id` int NOT NULL AUTO_INCREMENT,
  `create_date` date DEFAULT NULL,
  `status` varchar(255) COLLATE utf8mb4_0900_as_cs DEFAULT NULL,
  `member_id` int DEFAULT NULL,
  `misson_id` int DEFAULT NULL,
  PRIMARY KEY (`id`),
  KEY `FKat8l3oagrgua1gn723aty4p07` (`member_id`),
  KEY `FKgtnaj5idengjw0iavfo9tg9ew` (`misson_id`),
  CONSTRAINT `FKat8l3oagrgua1gn723aty4p07` FOREIGN KEY (`member_id`) REFERENCES `member` (`id`),
  CONSTRAINT `FKgtnaj5idengjw0iavfo9tg9ew` FOREIGN KEY (`misson_id`) REFERENCES `mission` (`id`)
) ENGINE=InnoDB AUTO_INCREMENT=69 DEFAULT CHARSET=utf8mb4 COLLATE=utf8mb4_0900_as_cs;
/*!40101 SET character_set_client = @saved_cs_client */;

--
-- Dumping data for table `proceeding_mission`
--

LOCK TABLES `proceeding_mission` WRITE;
/*!40000 ALTER TABLE `proceeding_mission` DISABLE KEYS */;
INSERT INTO `proceeding_mission` VALUES (1,'2022-09-29','COMPLETE',1,1),(5,'2022-10-03','COMPLETE',1,1),(6,'2022-10-04','INCOMPLETE',1,1),(7,'2022-10-04','INCOMPLETE',1,1),(8,'2022-10-04','INCOMPLETE',1,1),(9,'2022-10-04','INCOMPLETE',1,1),(10,'2022-10-04','INCOMPLETE',1,1),(11,'2022-10-04','INCOMPLETE',1,5),(12,'2022-10-04','INCOMPLETE',1,4),(13,'2022-10-04','INCOMPLETE',1,3),(14,'2022-10-04','INCOMPLETE',1,2),(16,'2022-10-05','INCOMPLETE',1,2),(17,'2022-10-05','INCOMPLETE',1,5),(18,'2022-10-05','INCOMPLETE',1,3),(21,'2022-10-05','COMPLETE',10,4),(25,'2022-10-06','INCOMPLETE',10,1),(26,'2022-10-06','INCOMPLETE',10,2),(27,'2022-10-06','INCOMPLETE',10,3),(30,'2022-10-01','COMPLETE',10,1),(31,'2022-10-02','COMPLETE',10,1),(32,'2022-10-02','COMPLETE',10,2),(33,'2022-10-03','COMPLETE',10,3),(34,'2022-10-03','COMPLETE',10,2),(35,'2022-10-03','COMPLETE',10,1),(36,'2022-10-04','COMPLETE',10,1),(37,'2022-10-04','COMPLETE',10,2),(38,'2022-10-04','COMPLETE',10,3),(39,'2022-10-04','COMPLETE',10,4),(40,'2022-10-05','COMPLETE',10,5),(41,'2022-10-05','COMPLETE',10,3),(42,'2022-10-05','COMPLETE',10,2),(43,'2022-10-05','COMPLETE',10,1),(67,'2022-10-07','COMPLETE',13,1),(68,'2022-10-07','COMPLETE',189,1);
/*!40000 ALTER TABLE `proceeding_mission` ENABLE KEYS */;
UNLOCK TABLES;

--
-- Table structure for table `psychological_test_category`
--

DROP TABLE IF EXISTS `psychological_test_category`;
/*!40101 SET @saved_cs_client     = @@character_set_client */;
/*!50503 SET character_set_client = utf8mb4 */;
CREATE TABLE `psychological_test_category` (
  `id` int NOT NULL AUTO_INCREMENT,
  `category` varchar(255) COLLATE utf8mb4_0900_as_cs DEFAULT NULL,
  PRIMARY KEY (`id`)
) ENGINE=InnoDB AUTO_INCREMENT=3 DEFAULT CHARSET=utf8mb4 COLLATE=utf8mb4_0900_as_cs;
/*!40101 SET character_set_client = @saved_cs_client */;

--
-- Dumping data for table `psychological_test_category`
--

LOCK TABLES `psychological_test_category` WRITE;
/*!40000 ALTER TABLE `psychological_test_category` DISABLE KEYS */;
INSERT INTO `psychological_test_category` VALUES (1,'우울'),(2,'불안');
/*!40000 ALTER TABLE `psychological_test_category` ENABLE KEYS */;
UNLOCK TABLES;

--
-- Table structure for table `psychological_test_question`
--

DROP TABLE IF EXISTS `psychological_test_question`;
/*!40101 SET @saved_cs_client     = @@character_set_client */;
/*!50503 SET character_set_client = utf8mb4 */;
CREATE TABLE `psychological_test_question` (
  `id` int NOT NULL AUTO_INCREMENT,
  `question` varchar(255) COLLATE utf8mb4_0900_as_cs NOT NULL,
  `score` int NOT NULL,
  `psychological_test_category_id` int DEFAULT NULL,
  PRIMARY KEY (`id`),
  KEY `FKq8daxqm1p9s5snxbjmfrvqtdg` (`psychological_test_category_id`),
  CONSTRAINT `FKq8daxqm1p9s5snxbjmfrvqtdg` FOREIGN KEY (`psychological_test_category_id`) REFERENCES `psychological_test_category` (`id`)
) ENGINE=InnoDB AUTO_INCREMENT=3 DEFAULT CHARSET=utf8mb4 COLLATE=utf8mb4_0900_as_cs;
/*!40101 SET character_set_client = @saved_cs_client */;

--
-- Dumping data for table `psychological_test_question`
--

LOCK TABLES `psychological_test_question` WRITE;
/*!40000 ALTER TABLE `psychological_test_question` DISABLE KEYS */;
INSERT INTO `psychological_test_question` VALUES (1,'어쩌구저쩌구 질문 어쩌구저쩌구',5,1),(2,'22222222어쩌구저쩌구 질문 어쩌구저쩌구',5,1);
/*!40000 ALTER TABLE `psychological_test_question` ENABLE KEYS */;
UNLOCK TABLES;

--
-- Table structure for table `psychological_test_result`
--

DROP TABLE IF EXISTS `psychological_test_result`;
/*!40101 SET @saved_cs_client     = @@character_set_client */;
/*!50503 SET character_set_client = utf8mb4 */;
CREATE TABLE `psychological_test_result` (
  `id` int NOT NULL AUTO_INCREMENT,
  `score` int NOT NULL,
  `member_id` int DEFAULT NULL,
  `psychological_test_category_id` int DEFAULT NULL,
  PRIMARY KEY (`id`),
  KEY `FKmbf4teqtltkn4u6hslh0de8qk` (`member_id`),
  KEY `FK179e7a1j80x4ysjjvlwv6lijx` (`psychological_test_category_id`),
  CONSTRAINT `FK179e7a1j80x4ysjjvlwv6lijx` FOREIGN KEY (`psychological_test_category_id`) REFERENCES `psychological_test_category` (`id`),
  CONSTRAINT `FKmbf4teqtltkn4u6hslh0de8qk` FOREIGN KEY (`member_id`) REFERENCES `member` (`id`)
) ENGINE=InnoDB AUTO_INCREMENT=3 DEFAULT CHARSET=utf8mb4 COLLATE=utf8mb4_0900_as_cs;
/*!40101 SET character_set_client = @saved_cs_client */;

--
-- Dumping data for table `psychological_test_result`
--

LOCK TABLES `psychological_test_result` WRITE;
/*!40000 ALTER TABLE `psychological_test_result` DISABLE KEYS */;
INSERT INTO `psychological_test_result` VALUES (1,3,1,1),(2,3,1,2);
/*!40000 ALTER TABLE `psychological_test_result` ENABLE KEYS */;
UNLOCK TABLES;
/*!40103 SET TIME_ZONE=@OLD_TIME_ZONE */;

/*!40101 SET SQL_MODE=@OLD_SQL_MODE */;
/*!40014 SET FOREIGN_KEY_CHECKS=@OLD_FOREIGN_KEY_CHECKS */;
/*!40014 SET UNIQUE_CHECKS=@OLD_UNIQUE_CHECKS */;
/*!40101 SET CHARACTER_SET_CLIENT=@OLD_CHARACTER_SET_CLIENT */;
/*!40101 SET CHARACTER_SET_RESULTS=@OLD_CHARACTER_SET_RESULTS */;
/*!40101 SET COLLATION_CONNECTION=@OLD_COLLATION_CONNECTION */;
/*!40111 SET SQL_NOTES=@OLD_SQL_NOTES */;

-- Dump completed on 2022-10-07 11:59:01
